name,datetime,tempmax,tempmin,temp,feelslikemax,feelslikemin,feelslike,dew,humidity,precip,precipprob,precipcover,preciptype,snow,snowdepth,windgust,windspeed,winddir,sealevelpressure,cloudcover,visibility,solarradiation,solarenergy,uvindex,severerisk,sunrise,sunset,moonphase,conditions,description,icon,stations
azerbaijan,2021-03-05,9,4,6.6,7.3,0.6,4.2,4,83.78,3,,4.17,,,,,18.4,161.1,1020.3,62.1,10,,,0,,2021-03-05T07:08:06,2021-03-05T18:36:29,0.72,"Rain, Partially cloudy",Partly cloudy throughout the day with late afternoon rain.,rain,"37864099999,UBBB"
azerbaijan,2021-03-06,11.3,0,6.4,11.3,-3.6,4.8,4.6,88.91,0,,0,,,,,33.5,158.2,1018,18.8,7.9,,,0,,2021-03-06T07:06:32,2021-03-06T18:37:35,0.78,Clear,Clear conditions throughout the day.,wind,"37864099999,UBBB"
azerbaijan,2021-03-07,11,3.7,7,11,-2.8,2.3,1.6,69.07,0,,0,,,,100.1,81,289.4,1017,49.1,10,,,0,,2021-03-07T07:04:58,2021-03-07T18:38:41,0.83,Partially cloudy,Partly cloudy throughout the day.,wind,"37864099999,UBBB"
azerbaijan,2021-03-08,7.1,-1,4.4,5.9,-4.8,1.6,0.1,74.34,0,,0,,,,,25.9,142.9,1019.3,65.6,10,,,0,,2021-03-08T07:03:23,2021-03-08T18:39:47,0.88,Partially cloudy,Partly cloudy throughout the day.,partly-cloudy-day,"37864099999,UBBB"
azerbaijan,2021-03-09,6,4.2,5.3,5,-1,2.3,2.3,81.58,0.4,,4.17,,,,,43.2,247.5,1017.1,94.3,10,,,0,,2021-03-09T07:01:48,2021-03-09T18:40:52,0.93,"Rain, Overcast",Cloudy skies throughout the day with late afternoon rain.,rain,"37864099999,UBBB"
azerbaijan,2021-03-10,9,3,6.2,7,0,3.6,2.4,77.02,99,,4.17,,,,,29.5,267.9,1021,69,10,,,0,,2021-03-10T07:00:12,2021-03-10T18:41:57,0.96,"Rain, Partially cloudy",Partly cloudy throughout the day with morning rain.,rain,"37864099999,UBBB"
azerbaijan,2021-03-11,6,3,4.9,2.8,-1.5,0.6,2.5,84.97,3,,4.17,,,,,37.1,92.3,1016.8,90.6,10,,,0,,2021-03-11T06:58:36,2021-03-11T18:43:02,0.99,"Rain, Overcast",Cloudy skies throughout the day with late afternoon rain.,rain,"37864099999,UBBB"
azerbaijan,2021-03-12,3.2,0.8,1.8,-1.8,-6.4,-4.7,-0.9,82.75,2,,4.17,,,,66.6,53.6,97.1,1017.2,90.3,8.9,,,0,,2021-03-12T06:56:59,2021-03-12T18:44:07,1,"Rain, Overcast",Cloudy skies throughout the day with late afternoon rain.,rain,"37864099999,UBBB"
azerbaijan,2021-03-13,2.2,0.9,1.4,2,-5.1,-2.4,-4.1,66.84,0,,0,,,,,29.5,178.7,1027.6,89.8,10,,,0,,2021-03-13T06:55:22,2021-03-13T18:45:11,0,Partially cloudy,Partly cloudy throughout the day.,partly-cloudy-day,"37864099999,UBBB"
azerbaijan,2021-03-14,7,1,4.6,5.1,-2.4,1.5,2.1,83.75,99.4,,8.33,,,,,22.3,127.2,1025.2,96.1,10,,,0,,2021-03-14T06:53:45,2021-03-14T18:46:15,0.01,"Rain, Overcast",Cloudy skies throughout the day with rain.,rain,"37864099999,UBBB"
azerbaijan,2021-03-15,10,3,6.6,10,2.1,4,4.3,85.81,99,,4.17,,,,,37.1,149.7,1023.1,72.1,9.2,,,0,,2021-03-15T06:52:08,2021-03-15T18:47:19,0.02,"Rain, Partially cloudy",Partly cloudy throughout the day with morning rain.,rain,"37864099999,UBBB"
azerbaijan,2021-03-16,10.1,6,8,10.1,2.7,5.1,5.1,81.92,0,,0,,,,,40.7,157.7,1015.6,73.3,10,,,0,,2021-03-16T06:50:30,2021-03-16T18:48:23,0.04,Partially cloudy,Partly cloudy throughout the day.,wind,"37864099999,UBBB"
azerbaijan,2021-03-17,11.6,6,8.5,11.6,3,6.2,5.4,81.38,0,,0,,,,59.4,53.3,180.3,1008.8,46.2,9.9,,,0,,2021-03-17T06:48:52,2021-03-17T18:49:27,0.07,Partially cloudy,Partly cloudy throughout the day.,wind,"37864099999,UBBB"
azerbaijan,2021-03-18,20,6,8.7,20,2.9,5.5,6.8,88.86,0,,0,,,,59.4,51.8,224.3,1002.5,63.1,5.3,,,0,,2021-03-18T06:47:14,2021-03-18T18:50:30,0.11,Partially cloudy,Partly cloudy throughout the day.,wind,"37864099999,UBBB"
azerbaijan,2021-03-19,14,3,8.6,14,1,7.7,4.3,76.76,0,,0,,,,,25.9,174.1,1011.7,3.3,10,,,0,,2021-03-19T06:45:36,2021-03-19T18:51:34,0.15,Clear,Clear conditions throughout the day.,clear-day,"37864099999,UBBB"
azerbaijan,2021-03-20,12,5,8.1,12,3,6.3,5.7,85.84,0,,0,,,,,33.5,286.5,1015.8,43.3,9.5,,,0,,2021-03-20T06:43:57,2021-03-20T18:52:37,0.2,Partially cloudy,Partly cloudy throughout the day.,wind,"37864099999,UBBB"
azerbaijan,2021-03-21,11,4,7.7,11,2.4,6.1,5.5,86.48,0,,0,,,,,25.9,183.3,1014.6,72.8,8.7,,,0,,2021-03-21T06:42:19,2021-03-21T18:53:40,0.24,Partially cloudy,Partly cloudy throughout the day.,partly-cloudy-day,"37864099999,UBBB"
azerbaijan,2021-03-22,8,5.9,6.6,5.1,1.1,3,5,89.61,0.2,,4.17,,,,,33.5,244.5,1014.7,99.1,9.3,,,0,,2021-03-22T06:40:40,2021-03-22T18:54:43,0.29,"Rain, Overcast",Cloudy skies throughout the day with late afternoon rain.,rain,"37864099999,UBBB"
azerbaijan,2021-03-23,12.2,7.8,9.8,12.2,3.3,8.1,6.7,81.2,99,,4.17,,,,85.3,66.6,178.9,1005.3,56.5,10,,,0,,2021-03-23T06:39:02,2021-03-23T18:55:45,0.34,"Rain, Partially cloudy",Partly cloudy throughout the day with morning rain.,rain,"37864099999,UBBB"
azerbaijan,2021-03-24,28,8,12,27.2,4.3,10.3,8.1,80.31,0,,0,,,,51.8,37.1,211.1,997.1,33.2,8.9,,,0,,2021-03-24T06:37:23,2021-03-24T18:56:48,0.39,Partially cloudy,Partly cloudy throughout the day.,wind,"37864099999,UBBB"
azerbaijan,2021-03-25,11.1,6.9,8.3,11.1,2.7,5.8,5,80.23,0,,0,,,,,33.7,258.8,1005.4,68.6,10,,,0,,2021-03-25T06:35:44,2021-03-25T18:57:50,0.43,Partially cloudy,Partly cloudy throughout the day.,wind,"37864099999,UBBB"
azerbaijan,2021-03-26,12,7,9.1,12,4.3,8.3,6.2,82.69,0,,0,,,,,25.9,171.7,1015,92.7,10,,,0,,2021-03-26T06:34:06,2021-03-26T18:58:53,0.46,Overcast,Cloudy skies throughout the day.,cloudy,"37864099999,UBBB"
azerbaijan,2021-03-27,9.1,6,7.3,7.3,1.5,3.7,5.7,90,4,,4.17,,,,57.6,42,311.1,1017.8,88.6,9.9,,,0,,2021-03-27T06:32:27,2021-03-27T18:59:55,0.49,"Rain, Partially cloudy",Partly cloudy throughout the day with late afternoon rain.,rain,"37864099999,UBBB"
azerbaijan,2021-03-28,13,5.5,9.5,13,3.6,8.5,3.6,68.04,0.4,,4.17,,,,,25.9,243.5,1025.8,20.3,10,,,0,,2021-03-28T06:30:49,2021-03-28T19:00:57,0.5,"Rain, Partially cloudy",Partly cloudy throughout the day with morning rain.,rain,"37864099999,UBBB"
azerbaijan,2021-03-29,14,7.9,10.2,14,6.5,9.9,6.6,78.84,0,,0,,,,,22.3,177,1028.7,36.9,10,,,0,,2021-03-29T06:29:11,2021-03-29T19:02:00,0.51,Partially cloudy,Partly cloudy throughout the day.,partly-cloudy-day,"37864099999,UBBB"
azerbaijan,2021-03-30,14.2,5.1,9.8,14.2,4.8,9.4,6.1,79.59,0,,0,,,,,22.3,158.1,1029.2,29,10,,,0,,2021-03-30T06:27:33,2021-03-30T19:03:02,0.53,Partially cloudy,Partly cloudy throughout the day.,partly-cloudy-day,"37864099999,UBBB"
azerbaijan,2021-03-31,16,2,10,16,2,9.8,4.7,73.89,0,,0,,,,,18.4,152.6,1027.5,10,7.7,,,0,,2021-03-31T06:25:55,2021-03-31T19:04:04,0.55,Clear,Clear conditions throughout the day.,clear-day,"37864099999,UBBB"
azerbaijan,2021-04-01,14.5,5,10.1,14.5,5,10.1,6.9,80.98,0,,0,,,,,33.5,160.5,1019.7,22.2,10,,,0,,2021-04-01T06:24:18,2021-04-01T19:05:06,0.6,Partially cloudy,Partly cloudy throughout the day.,wind,"37864099999,UBBB"
azerbaijan,2021-04-02,17,8,11.9,17,6.5,11.6,6,68.98,0,,0,,,,57.6,40.7,230.6,1008.2,1.2,10,,,0,,2021-04-02T06:22:40,2021-04-02T19:06:08,0.65,Clear,Clear conditions throughout the day.,wind,"37864099999,UBBB"
azerbaijan,2021-04-03,14,4,10.6,14,1.2,10,7.1,79.36,1,,4.17,,,,,23.3,230.7,1011.1,34.6,10,,,0,,2021-04-03T06:21:03,2021-04-03T19:07:10,0.7,"Rain, Partially cloudy",Partly cloudy throughout the day with late afternoon rain.,rain,"37864099999,UBBB"
azerbaijan,2021-04-04,18,9.5,13.2,18,7.9,13.1,8.7,75.21,0,,0,,,,,22.3,164.8,1015.9,13.8,10,,,0,,2021-04-04T06:19:27,2021-04-04T19:08:12,0.76,Clear,Clear conditions throughout the day.,clear-day,"37864099999,UBBB"
azerbaijan,2021-04-05,17.1,9,13.4,17.1,6.7,13.1,9.4,78.16,0,,0,,,,59.4,48.2,164,1011.8,13.8,9.8,,,0,,2021-04-05T06:17:50,2021-04-05T19:09:14,0.81,Clear,Clear conditions throughout the day.,wind,"37864099999,UBBB"
azerbaijan,2021-04-06,18.4,7,12.5,18.4,4.8,12.1,5.7,64.27,0,,0,,,,88.9,70.6,280.2,1012.9,35.4,10,,,0,,2021-04-06T06:16:14,2021-04-06T19:10:16,0.86,Partially cloudy,Partly cloudy throughout the day.,wind,"37864099999,UBBB"
azerbaijan,2021-04-07,15,4,10.8,15,2.1,10.3,5.2,70.23,0,,0,,,,61.2,54,162.9,1016.2,10,10,,,0,,2021-04-07T06:14:39,2021-04-07T19:11:18,0.91,Clear,Clear conditions throughout the day.,wind,"37864099999,UBBB"
azerbaijan,2021-04-08,23,9.5,15.4,23,8.5,15.4,10.2,72.38,0,,0,,,,,25.9,177.1,1010,0,10,,,0,,2021-04-08T06:13:04,2021-04-08T19:12:20,0.94,Clear,Clear conditions throughout the day.,clear-day,"37864099999,UBBB"
azerbaijan,2021-04-09,20,11,14.6,20,11,14.6,10.3,77.18,0,,0,,,,,33.5,240.9,1008.9,2.8,9.3,,,0,,2021-04-09T06:11:29,2021-04-09T19:13:22,0.97,Clear,Clear conditions throughout the day.,wind,"37864099999,UBBB"
azerbaijan,2021-04-10,13,8,10.8,13,3.7,9.4,7.3,79.21,0,,0,,,,55.4,40.7,326.5,1015.6,19.7,10,,,0,,2021-04-10T06:09:55,2021-04-10T19:14:23,0.99,Clear,Clear conditions throughout the day.,wind,"37864099999,UBBB"
azerbaijan,2021-04-11,14.1,8.9,11.5,14.1,4.7,10.5,7.2,75.58,0,,0,,,,55.4,40.7,277,1017,18,10,,,0,,2021-04-11T06:08:21,2021-04-11T19:15:25,1,Clear,Clear conditions throughout the day.,wind,"37864099999,UBBB"
azerbaijan,2021-04-12,19,8.8,13,19,7.9,12.9,9.1,78.18,0,,0,,,,,22.3,240.6,1017.6,26,10,,,0,,2021-04-12T06:06:48,2021-04-12T19:16:27,0,Partially cloudy,Partly cloudy throughout the day.,partly-cloudy-day,"37864099999,UBBB"
azerbaijan,2021-04-13,18,9,12.9,18,6.7,12.7,7.9,73.46,0,,0,,,,,29.5,325.6,1019,5,10,,,0,,2021-04-13T06:05:16,2021-04-13T19:17:29,0.01,Clear,Clear conditions throughout the day.,clear-day,"37864099999,UBBB"
azerbaijan,2021-04-14,21.3,9.6,14.3,21.3,8.3,14.2,7.5,65.27,0,,0,,,,59.4,40.7,285.2,1013.6,4.6,10,,,0,,2021-04-14T06:03:44,2021-04-14T19:18:31,0.03,Clear,Clear conditions throughout the day.,wind,"37864099999,UBBB"
azerbaijan,2021-04-15,19,7,14,19,5.6,13.9,7.4,66.79,0,,0,,,,,29.5,117.9,1017.2,0,10,,,0,,2021-04-15T06:02:13,2021-04-15T19:19:34,0.05,Clear,Clear conditions throughout the day.,clear-day,"37864099999,UBBB"
azerbaijan,2021-04-16,20,8,14.6,20,6.8,14.5,7.4,65.32,0,,0,,,,,22.3,149,1018.9,1.3,10,,,0,,2021-04-16T06:00:43,2021-04-16T19:20:36,0.08,Clear,Clear conditions throughout the day.,clear-day,"37864099999,UBBB"
azerbaijan,2021-04-17,21.1,9,15.2,21.1,6.7,15.1,8.1,66.39,0,,0,,,,,39.6,163.5,1018.8,0,10,,,0,,2021-04-17T05:59:13,2021-04-17T19:21:38,0.12,Clear,Clear conditions throughout the day.,wind,"37864099999,UBBB"
azerbaijan,2021-04-18,22,9,15.1,22,9,15.1,8.7,67.48,0,,0,,,,,22.3,234.5,1016.9,0,10,,,0,,2021-04-18T05:57:44,2021-04-18T19:22:40,0.16,Clear,Clear conditions throughout the day.,clear-day,"37864099999,UBBB"
azerbaijan,2021-04-19,21.8,12,16.5,21.8,12,16.5,8.9,61.83,0,,0,,,,,25.9,219.1,1014.7,17,10,,,0,,2021-04-19T05:56:16,2021-04-19T19:23:42,0.21,Clear,Clear conditions throughout the day.,clear-day,"37864099999,UBBB"
azerbaijan,2021-04-20,20.1,11,16.1,20.1,11,16.1,10.8,71.82,0,,0,,,,51.8,43.2,173.6,1012.1,21.4,10,,,0,,2021-04-20T05:54:48,2021-04-20T19:24:44,0.26,Partially cloudy,Partly cloudy throughout the day.,wind,"37864099999,UBBB"
azerbaijan,2021-04-21,21,13,17.9,21,13,17.9,11.5,66.59,0,,0,,,,77.8,51.8,260.4,1012.2,9.4,10.3,,,0,,2021-04-21T05:53:22,2021-04-21T19:25:46,0.31,Clear,Clear conditions throughout the day.,wind,"37864099999,UBBB,37851099999"
azerbaijan,2021-04-22,17.5,12,15.2,17.5,12,15.2,9.9,70.9,0,,0,,,,55.4,48.2,329.8,1017.9,33.8,8.6,,,0,,2021-04-22T05:51:56,2021-04-22T19:26:48,0.36,Partially cloudy,Partly cloudy throughout the day.,wind,"37864099999,UBBB"
azerbaijan,2021-04-23,17.3,11,14.3,17.3,11,14.3,9.3,72.58,99.6,,4.17,,,,74.2,56.5,325.5,1020.5,31.2,7.7,,,0,,2021-04-23T05:50:31,2021-04-23T19:27:50,0.41,"Rain, Partially cloudy",Partly cloudy throughout the day with morning rain.,rain,"37864099999,UBBB"
azerbaijan,2021-04-24,20,11,15.5,20,11,15.5,8.3,64.3,0,,0,,,,,40.7,182,1019.6,10.6,10,,,0,,2021-04-24T05:49:07,2021-04-24T19:28:52,0.45,Clear,Clear conditions throughout the day.,wind,"37864099999,UBBB"
azerbaijan,2021-04-25,21,8,14.8,21,8,14.8,8.4,67.97,0,,0,,,,,18.4,244,1017.8,1.7,10,,,0,,2021-04-25T05:47:45,2021-04-25T19:29:54,0.48,Clear,Clear conditions throughout the day.,clear-day,"37864099999,UBBB"
azerbaijan,2021-04-26,21.2,10,15.4,21.2,10,15.4,8.7,66.76,0,,0,,,,,22.3,206.8,1011.8,0,10,,,0,,2021-04-26T05:46:23,2021-04-26T19:30:56,0.5,Clear,Clear conditions throughout the day.,clear-day,"37864099999,UBBB"
azerbaijan,2021-04-27,18,12,13.8,18,12,13.8,10.5,81.42,0,,0,,,,77.8,51.8,332.8,1014.8,24.4,10,,,0,,2021-04-27T05:45:02,2021-04-27T19:31:58,0.5,Partially cloudy,Partly cloudy throughout the day.,wind,"37864099999,UBBB"
azerbaijan,2021-04-28,19.1,10.8,13.6,19.1,10.8,13.6,9.7,77.59,0,,0,,,,,36,294,1015.6,31.7,10,,,0,,2021-04-28T05:43:42,2021-04-28T19:33:00,0.52,Partially cloudy,Partly cloudy throughout the day.,wind,"37864099999,UBBB"
azerbaijan,2021-04-29,21,13,16.3,21,13,16.3,8.3,60.76,0,,0,,,,55.4,43.2,320.5,1017,11.7,10,,,0,,2021-04-29T05:42:24,2021-04-29T19:34:02,0.54,Clear,Clear conditions throughout the day.,wind,"37864099999,UBBB"
azerbaijan,2021-04-30,21.2,12,15.9,21.2,12,15.9,11.6,76.31,0,,0,,,,,25.9,160,1017.5,23.8,10,,,0,,2021-04-30T05:41:06,2021-04-30T19:35:03,0.58,Partially cloudy,Partly cloudy throughout the day.,partly-cloudy-day,"37864099999,UBBB"
azerbaijan,2021-05-01,19.5,12,15.6,19.5,12,15.6,13.5,87.85,1,,4.17,,,,,11.2,268.9,1015.3,29.1,9.8,,,0,,2021-05-01T05:39:50,2021-05-01T19:36:05,0.63,"Rain, Partially cloudy",Partly cloudy throughout the day with late afternoon rain.,rain,"37864099999,UBBB"
azerbaijan,2021-05-02,20,12,16.2,20,12,16.2,12.6,80.02,0.3,,4.17,,,,,33.5,334.5,1017,36.9,10,,,0,,2021-05-02T05:38:34,2021-05-02T19:37:06,0.68,"Rain, Partially cloudy",Partly cloudy throughout the day with late afternoon rain.,rain,"37864099999,UBBB"
azerbaijan,2021-05-03,24.4,10,17.6,24.4,10,17.6,10.1,66.45,99,,4.17,,,,,18.4,218.9,1014.8,0,10,,,0,,2021-05-03T05:37:21,2021-05-03T19:38:07,0.74,Rain,Clear conditions throughout the day with morning rain.,rain,"37864099999,UBBB"
azerbaijan,2021-05-04,23,14,18.5,23,14,18.5,12.8,70.76,0,,0,,,,,40.7,165.2,1008.2,0,10,,,0,,2021-05-04T05:36:08,2021-05-04T19:39:08,0.79,Clear,Clear conditions throughout the day.,wind,"37864099999,UBBB"
azerbaijan,2021-05-05,17,11,13.7,17,11,13.7,9.7,76.95,1,,4.17,,,,85.3,62.3,325,1014.6,67.5,10,,,0,,2021-05-05T05:34:56,2021-05-05T19:40:09,0.84,"Rain, Partially cloudy",Partly cloudy throughout the day with late afternoon rain.,rain,"37864099999,UBBB"
azerbaijan,2021-05-06,19,12,15.3,19,12,15.3,7.4,61,0,,0,,,,,29.5,259.1,1016.9,31.7,10,,,0,,2021-05-06T05:33:46,2021-05-06T19:41:10,0.89,Partially cloudy,Partly cloudy throughout the day.,partly-cloudy-day,"37864099999,UBBB"
azerbaijan,2021-05-07,19,10,14.9,19,10,14.9,10.9,77.99,0,,0,,,,,14.8,248,1016.1,51.9,10,,,0,,2021-05-07T05:32:38,2021-05-07T19:42:10,0.92,Partially cloudy,Partly cloudy throughout the day.,partly-cloudy-day,"37864099999,UBBB"
azerbaijan,2021-05-08,19.6,12,15.6,19.6,12,15.6,12.2,81.21,0,,0,,,,,29.5,195.8,1018.1,43.8,10,,,0,,2021-05-08T05:31:30,2021-05-08T19:43:11,0.96,Partially cloudy,Partly cloudy throughout the day.,partly-cloudy-day,"37864099999,UBBB"
azerbaijan,2021-05-09,20,14,16.4,20,14,16.4,13.9,85.78,0,,0,,,,59.4,47.7,181,1011.1,67.3,10,,,0,,2021-05-09T05:30:24,2021-05-09T19:44:10,0.98,Partially cloudy,Partly cloudy throughout the day.,wind,"37864099999,UBBB"
azerbaijan,2021-05-10,17.2,10,12.5,17.2,10,12.5,7.1,70.11,99.6,,4.17,,,,92.5,59.4,330.1,1018.2,56.1,10,,,0,,2021-05-10T05:29:20,2021-05-10T19:45:10,1,"Rain, Partially cloudy",Partly cloudy throughout the day with morning rain.,rain,"37864099999,UBBB"
azerbaijan,2021-05-11,17,8,13.6,17,8,13.5,5.9,62.49,99.3,,4.17,,,,,29.5,150.9,1018.8,16.2,10,,,0,,2021-05-11T05:28:17,2021-05-11T19:46:09,1,Rain,Clear conditions throughout the day with morning rain.,rain,"37864099999,UBBB"
azerbaijan,2021-05-12,20,10,15.9,20,10,15.9,10.8,72.56,0,,0,,,,,29.5,192.6,1015.1,16,10,,,0,,2021-05-12T05:27:15,2021-05-12T19:47:08,0,Clear,Clear conditions throughout the day.,clear-day,"37864099999,UBBB"
azerbaijan,2021-05-13,23.1,10,16.8,23.1,10,16.8,11.9,74.68,0,,0,,,,,22.3,211.5,1014.9,0,10,,,0,,2021-05-13T05:26:15,2021-05-13T19:48:06,0.01,Clear,Clear conditions throughout the day.,clear-day,"37864099999,UBBB"
azerbaijan,2021-05-14,29.3,12,20.9,28.6,12,20.9,13.9,68.31,0,,0,,,,,22.3,135.5,1015.1,0,8.9,,,0,,2021-05-14T05:25:16,2021-05-14T19:49:04,0.03,Clear,Clear conditions throughout the day.,clear-day,"37864099999,UBBB"
azerbaijan,2021-05-15,33,11,21.9,30.7,11,21.4,10.7,57.91,0,,0,,,,,18.4,135.1,1013.7,0,10,,,0,,2021-05-15T05:24:19,2021-05-15T19:50:02,0.06,Clear,Clear conditions throughout the day.,clear-day,"37864099999,UBBB"
azerbaijan,2021-05-16,32,12,21.8,29.9,12,21.2,11.1,60.27,0,,0,,,,,25.2,139.9,1011.7,3.3,9.3,,,0,,2021-05-16T05:23:24,2021-05-16T19:50:59,0.09,Clear,Clear conditions throughout the day.,clear-day,"37864099999,UBBB"
azerbaijan,2021-05-17,27,15,21,27.1,15,21,14.1,68.31,0,,0,,,,,33.5,157.9,1007.9,0,10,,,0,,2021-05-17T05:22:30,2021-05-17T19:51:55,0.14,Clear,Clear conditions throughout the day.,wind,"37864099999,UBBB"
azerbaijan,2021-05-18,27,14,20.9,27.3,14,20.9,14.2,67.37,0,,0,,,,68.4,50,292.2,1006.6,8.7,10,,,0,,2021-05-18T05:21:38,2021-05-18T19:52:51,0.18,Clear,Clear conditions throughout the day.,wind,"37864099999,UBBB"
azerbaijan,2021-05-19,28.1,17,23.1,28.3,17,23.1,14.2,58.55,0,,0,,,,,40.7,231.4,1008.6,0,10,,,0,,2021-05-19T05:20:48,2021-05-19T19:53:47,0.23,Clear,Clear conditions throughout the day.,wind,"37864099999,UBBB"
azerbaijan,2021-05-20,24.1,18,21.2,24.1,18,21.2,11.3,54.62,0,,0,,,,63,44.6,233,1014.9,9.2,9.4,,,0,,2021-05-20T05:19:59,2021-05-20T19:54:41,0.28,Clear,Clear conditions throughout the day.,wind,"37864099999,UBBB"
azerbaijan,2021-05-21,27.1,16,20.9,27,16,20.9,13.9,66.25,0,,0,,,,,33.5,156.2,1012.7,0,10,,,0,,2021-05-21T05:19:12,2021-05-21T19:55:35,0.34,Clear,Clear conditions throughout the day.,wind,"37864099999,UBBB"
azerbaijan,2021-05-22,33.6,17,25.3,33,17,25.1,15.2,58.52,0,,0,,,,,18.4,166.3,1008.2,0,10,,,0,,2021-05-22T05:18:27,2021-05-22T19:56:29,0.39,Clear,Clear conditions throughout the day.,clear-day,"37864099999,UBBB"
azerbaijan,2021-05-23,26,18,22.3,26,18,22.3,15.4,65.3,0,,0,,,,,33.5,324.3,1006.6,20.9,10,,,0,,2021-05-23T05:17:44,2021-05-23T19:57:21,0.44,Partially cloudy,Partly cloudy throughout the day.,wind,"37864099999,UBBB"
azerbaijan,2021-05-24,25,19,21.9,25,19,21.9,17.1,74.55,0,,0,,,,66.6,50.4,325.7,1011.8,22.5,10,,,0,,2021-05-24T05:17:02,2021-05-24T19:58:13,0.47,Partially cloudy,Partly cloudy throughout the day.,wind,"37864099999,UBBB"
azerbaijan,2021-05-25,27.2,17,21.1,27.5,17,21.1,16.2,74.9,0,,0,,,,66.6,49.4,320.8,1012.4,25.9,10,,,0,,2021-05-25T05:16:23,2021-05-25T19:59:04,0.49,Partially cloudy,Partly cloudy throughout the day.,wind,"37864099999,UBBB"
azerbaijan,2021-05-26,23,17.8,19.5,23,17.8,19.5,13.8,70.13,0,,0,,,,66.6,48.7,325.9,1013.7,36,10,,,0,,2021-05-26T05:15:45,2021-05-26T19:59:54,0.5,Partially cloudy,Partly cloudy throughout the day.,wind,"37864099999,UBBB"
azerbaijan,2021-05-27,25,17,21,25,17,21,14.6,68.05,99.3,,4.17,,,,,34.9,245.6,1014.8,39.3,10,,,0,,2021-05-27T05:15:09,2021-05-27T20:00:43,0.51,"Rain, Partially cloudy",Partly cloudy throughout the day with morning rain.,rain,"37864099999,UBBB"
azerbaijan,2021-05-28,24,17,20.8,24,17,20.8,15.6,73.53,0,,0,,,,,33.5,166.5,1010.6,13,10,,,0,,2021-05-28T05:14:34,2021-05-28T20:01:31,0.53,Clear,Clear conditions throughout the day.,wind,"37864099999,UBBB"
azerbaijan,2021-05-29,29.1,18.3,23.1,29.5,18.3,23.3,17.6,72.87,0,,0,,,,,25.9,208.3,1005.7,10.8,10,,,0,,2021-05-29T05:14:02,2021-05-29T20:02:18,0.56,Clear,Clear conditions throughout the day.,clear-day,"37864099999,UBBB"
azerbaijan,2021-05-30,29,16,22.5,29.9,16,22.6,16.5,70.69,0,,0,,,,66.6,51.6,269.2,1006.8,0,10,,,0,,2021-05-30T05:13:32,2021-05-30T20:03:04,0.61,Clear,Clear conditions throughout the day.,wind,"37864099999,UBBB"
azerbaijan,2021-05-31,27,17,22.6,27.3,17,22.6,15.4,64.58,0,,0,,,,61.2,50.6,275.5,1012.3,0,10,,,0,,2021-05-31T05:13:03,2021-05-31T20:03:49,0.66,Clear,Clear conditions throughout the day.,wind,"37864099999,UBBB"
azerbaijan,2021-06-01,27.3,16,22.4,27.3,16,22.4,15.1,66.42,0,,0,,,,55.4,37.1,187.8,1008.1,0,10,,,0,,2021-06-01T05:12:37,2021-06-01T20:04:33,0.71,Clear,Clear conditions throughout the day.,wind,"37864099999,UBBB"
azerbaijan,2021-06-02,29,19.6,23.8,30.1,19.6,24.1,17.9,71.34,0,,0,,,,,37.1,230,1004.5,1.2,10,,,0,,2021-06-02T05:12:12,2021-06-02T20:05:15,0.76,Clear,Clear conditions throughout the day.,wind,"37864099999,UBBB"
azerbaijan,2021-06-03,24,19.6,21.9,24,19.6,21.9,16.1,69.85,0,,0,,,,74.2,58.5,329.3,1009.9,0,10,,,0,,2021-06-03T05:11:49,2021-06-03T20:05:57,0.81,Clear,Clear conditions throughout the day.,wind,"37864099999,UBBB"
azerbaijan,2021-06-04,27,19,22.8,27,19,22.8,14,58.98,0,,0,,,,,32.4,290.8,1013.6,8.3,10,,,0,,2021-06-04T05:11:29,2021-06-04T20:06:37,0.86,Clear,Clear conditions throughout the day.,wind,"37864099999,UBBB"
azerbaijan,2021-06-05,27.2,19,22.7,26.8,19,22.6,14.4,60.62,0,,0,,,,57.6,38.9,318.1,1011.8,5.5,10,,,0,,2021-06-05T05:11:10,2021-06-05T20:07:16,0.9,Clear,Clear conditions throughout the day.,wind,"37864099999,UBBB"
azerbaijan,2021-06-06,25,19,21.5,25,19,21.5,15.3,68.4,0,,0,,,,59.4,43.7,304.8,1012.8,26.6,10,,,0,,2021-06-06T05:10:53,2021-06-06T20:07:53,0.94,Partially cloudy,Partly cloudy throughout the day.,wind,"37864099999,UBBB"
azerbaijan,2021-06-07,25,16,20.6,25,16,20.6,15,71.94,0,,0,,,,,29.5,283.3,1013.6,33.8,10,,,0,,2021-06-07T05:10:38,2021-06-07T20:08:29,0.97,Partially cloudy,Partly cloudy throughout the day.,partly-cloudy-day,"37864099999,UBBB"
azerbaijan,2021-06-08,25,18,21.2,25,18,21.2,15.3,70.55,0.2,,4.17,,,,,22.3,212.5,1014.8,23.5,10,,,0,,2021-06-08T05:10:25,2021-06-08T20:09:04,0.99,"Rain, Partially cloudy",Partly cloudy throughout the day with late afternoon rain.,rain,"37864099999,UBBB"
azerbaijan,2021-06-09,28,19.6,22.9,27.5,19.6,22.9,14.3,60.77,99,,4.17,,,,,22.3,152.6,1011.7,10,10,,,0,,2021-06-09T05:10:14,2021-06-09T20:09:37,1,Rain,Clear conditions throughout the day with morning rain.,rain,"37864099999,UBBB"
azerbaijan,2021-06-10,28,18,22.8,28.6,18,22.9,15.5,65.69,0,,0,,,,,29.5,307.9,1008.1,3.7,10,,,0,,2021-06-10T05:10:05,2021-06-10T20:10:09,0,Clear,Clear conditions throughout the day.,clear-day,"37864099999,UBBB"
azerbaijan,2021-06-11,27,20,23.4,27.7,20,23.5,15.9,63.65,0,,0,,,,,34.8,323,1008.6,1.2,10,,,0,,2021-06-11T05:09:58,2021-06-11T20:10:39,0.01,Clear,Clear conditions throughout the day.,wind,"37864099999,UBBB"
azerbaijan,2021-06-12,28,21.7,24.1,28.6,21.7,24.3,16.1,61.41,0,,0,,,,,40.4,321.5,1010,0,10,,,0,,2021-06-12T05:09:53,2021-06-12T20:11:08,0.02,Clear,Clear conditions throughout the day.,wind,"37864099999,UBBB"
azerbaijan,2021-06-13,30,21.8,24.9,30,21.8,24.9,16.4,60.42,0,,0,,,,,29.5,319.1,1007.5,0,10,,,0,,2021-06-13T05:09:50,2021-06-13T20:11:35,0.04,Clear,Clear conditions throughout the day.,clear-day,"37864099999,UBBB"
azerbaijan,2021-06-14,28,20,24.1,28.3,20,24.1,16.9,65.4,0,,0,,,,59.4,40.7,230.3,1010.5,1.2,10,,,0,,2021-06-14T05:09:49,2021-06-14T20:12:00,0.08,Clear,Clear conditions throughout the day.,wind,"37864099999,UBBB"
azerbaijan,2021-06-15,29.6,17,23.9,29.6,17,24.1,17,67.34,0,,0,,,,,29.5,201.7,1008.7,1.2,10,,,0,,2021-06-15T05:09:50,2021-06-15T20:12:24,0.12,Clear,Clear conditions throughout the day.,clear-day,"37864099999,UBBB"
azerbaijan,2021-06-16,32,20.9,26,33.5,20.9,26.3,18.3,65.42,0,,0,,,,,18.4,219.4,1008.9,0.5,10,,,0,,2021-06-16T05:09:53,2021-06-16T20:12:46,0.16,Clear,Clear conditions throughout the day.,clear-day,"37864099999,UBBB"
azerbaijan,2021-06-17,36,18,28.4,34.4,18,27.9,14.8,50.38,0,,0,,,,,20.1,152.6,1006.2,0,10,,,0,,2021-06-17T05:09:57,2021-06-17T20:13:06,0.21,Clear,Clear conditions throughout the day.,clear-day,"37864099999,UBBB"
azerbaijan,2021-06-18,28,22.8,25.8,29.2,22.8,26.1,18.4,64.2,0,,0,,,,74.2,55.4,330.7,1011.7,2.1,10,,,0,,2021-06-18T05:10:04,2021-06-18T20:13:25,0.27,Clear,Clear conditions throughout the day.,wind,"37864099999,UBBB"
azerbaijan,2021-06-19,33,21,27.2,34,21,27.6,18,58.87,0,,0,,,,53.6,36,326.4,1012.9,0,10,,,0,,2021-06-19T05:10:12,2021-06-19T20:13:41,0.32,Clear,Clear conditions throughout the day.,wind,"37864099999,UBBB"
azerbaijan,2021-06-20,33.4,19,26.9,32.3,19,26.4,14.7,53.97,0,,0,,,,,33.5,173.2,1013,5.8,9.2,,,0,,2021-06-20T05:10:22,2021-06-20T20:13:56,0.38,Clear,Clear conditions throughout the day.,wind,"37864099999,UBBB"
azerbaijan,2021-06-21,33,18,27,30.9,18,26,9.8,39.23,0,,0,,,,,33.5,144.3,1013.1,3.3,10,,,0,,2021-06-21T05:10:34,2021-06-21T20:14:09,0.42,Clear,Clear conditions throughout the day.,wind,"37864099999,UBBB"
azerbaijan,2021-06-22,37,18,28.4,34.8,18,27.3,8.1,33.17,0,,0,,,,,25.9,114.6,1011.2,3.3,10,,,0,,2021-06-22T05:10:48,2021-06-22T20:14:20,0.46,Clear,Clear conditions throughout the day.,clear-day,"37864099999,UBBB"
azerbaijan,2021-06-23,35,19,28.3,33.3,19,27.5,11.4,38.23,0,,0,,,,,29.5,142.1,1010.9,0,10,,,0,,2021-06-23T05:11:03,2021-06-23T20:14:29,0.49,Clear,Clear conditions throughout the day.,clear-day,"37864099999,UBBB"
azerbaijan,2021-06-24,35.6,20,29,33.2,20,28,11.4,38.99,0,,0,,,,,29.5,186,1010.6,0,10,,,0,,2021-06-24T05:11:20,2021-06-24T20:14:37,0.5,Clear,Clear conditions throughout the day.,clear-day,"37864099999,UBBB"
azerbaijan,2021-06-25,39,22,29.9,36.9,22,29.3,12.7,43.13,0,,0,,,,,29.5,212.4,1009.2,0,10,,,0,,2021-06-25T05:11:39,2021-06-25T20:14:42,0.51,Clear,Clear conditions throughout the day.,clear-day,"37864099999,UBBB"
azerbaijan,2021-06-26,40.2,20,31.1,38.5,20,31,14.1,39.75,0,,0,,,,,22.3,130.6,1006,0,10,,,0,,2021-06-26T05:12:00,2021-06-26T20:14:46,0.53,Clear,Clear conditions throughout the day.,clear-day,"37864099999,UBBB"
azerbaijan,2021-06-27,38,22,29.8,38.1,22,30.3,18,53.97,0,,0,,,,,25.2,226.9,1006.9,0,10,,,0,,2021-06-27T05:12:22,2021-06-27T20:14:47,0.55,Clear,Clear conditions throughout the day.,clear-day,"37864099999,UBBB"
azerbaijan,2021-06-28,35,23,28.6,37.7,23,30.1,20.8,65.68,0,,0,,,,,25.2,321.4,1008.7,0,10,,,0,,2021-06-28T05:12:46,2021-06-28T20:14:47,0.59,Clear,Clear conditions throughout the day.,clear-day,"37864099999,UBBB"
azerbaijan,2021-06-29,32,24.6,27.9,34.9,24.6,29.5,22,71.4,0,,0,,,,,40.7,327.1,1009.3,0,10,,,0,,2021-06-29T05:13:12,2021-06-29T20:14:44,0.64,Clear,Clear conditions throughout the day.,wind,"37864099999,UBBB"
azerbaijan,2021-06-30,31,25,27,33,25,27.7,20.2,67.3,0,,0,,,,55.4,43.2,328,1011.8,2.8,10,,,0,,2021-06-30T05:13:39,2021-06-30T20:14:40,0.69,Clear,Clear conditions throughout the day.,wind,"37864099999,UBBB"
azerbaijan,2021-07-01,32,24,28.2,34.2,24,29,19.1,58.54,0,,0,,,,,33.5,337.7,1011.7,3.3,10,,,0,,2021-07-01T05:14:08,2021-07-01T20:14:33,0.74,Clear,Clear conditions throughout the day.,wind,"37864099999,UBBB"
azerbaijan,2021-07-02,32.9,24,28.2,32.9,24,28.3,17.8,55.74,0,,0,,,,,32.4,313.5,1008.4,19.2,10,,,0,,2021-07-02T05:14:38,2021-07-02T20:14:25,0.78,Clear,Clear conditions throughout the day.,wind,"37864099999,UBBB"
azerbaijan,2021-07-03,34,22,28.6,34.1,22,28.9,17.8,54.95,0,,0,,,,,25.9,200.4,1004.9,0,10,,,0,,2021-07-03T05:15:09,2021-07-03T20:14:14,0.83,Clear,Clear conditions throughout the day.,clear-day,"37864099999,UBBB"
azerbaijan,2021-07-04,32.3,24,28.4,33.5,24,29.2,20,63.17,0,,0,,,,,32.4,138.7,1001,0,10,,,0,,2021-07-04T05:15:42,2021-07-04T20:14:02,0.88,Clear,Clear conditions throughout the day.,wind,"37864099999,UBBB"
azerbaijan,2021-07-05,31.3,24,27.8,35.5,24,29.7,22.2,72.37,0,,0,,,,77.8,59.4,282,998.6,0,10,,,0,,2021-07-05T05:16:17,2021-07-05T20:13:48,0.91,Clear,Clear conditions throughout the day.,wind,"37864099999,UBBB"
azerbaijan,2021-07-06,33,26,29,33.5,26,30.3,19.5,57.91,0,,0,,,,59.4,48.2,326.6,1003.1,0,10,,,0,,2021-07-06T05:16:52,2021-07-06T20:13:31,0.95,Clear,Clear conditions throughout the day.,wind,"37864099999,UBBB"
azerbaijan,2021-07-07,33,25.7,28.8,34,25.7,29.7,18.9,56.57,0,,0,,,,,33.5,271.4,1007.7,0,10,,,0,,2021-07-07T05:17:29,2021-07-07T20:13:13,0.97,Clear,Clear conditions throughout the day.,wind,"37864099999,UBBB"
azerbaijan,2021-07-08,28,24,26.2,30.1,24,26.7,17.9,61.21,0,,0,,,,63,51.6,319.9,1014,25.4,10,,,0,,2021-07-08T05:18:08,2021-07-08T20:12:52,0.99,Partially cloudy,Partly cloudy throughout the day.,wind,"37864099999,UBBB"
azerbaijan,2021-07-09,31,22,25.9,30.8,22,26,16.5,57.28,0,,0,,,,55.4,43.2,297.4,1014.5,22.1,10,,,0,,2021-07-09T05:18:47,2021-07-09T20:12:30,1,Partially cloudy,Partly cloudy throughout the day.,wind,"37864099999,UBBB"
azerbaijan,2021-07-10,31.3,19,26.3,29.4,19,25.9,13.2,47.92,0,,0,,,,,25.9,223.6,1012.1,3.3,10,,,0,,2021-07-10T05:19:28,2021-07-10T20:12:05,0,Clear,Clear conditions throughout the day.,clear-day,"37864099999,UBBB"
azerbaijan,2021-07-11,33,20,26.9,31.5,20,26.3,13.8,48.81,0,,0,,,,,20.4,154.5,1010,10,10,,,0,,2021-07-11T05:20:09,2021-07-11T20:11:39,0.01,Clear,Clear conditions throughout the day.,clear-day,"37864099999,UBBB"
azerbaijan,2021-07-12,34.2,21,27.8,33,21,27.9,16.9,54.77,0,,0,,,,,18.4,133.1,1008.8,11.2,10,,,0,,2021-07-12T05:20:52,2021-07-12T20:11:10,0.03,Clear,Clear conditions throughout the day.,clear-day,"37864099999,UBBB"
azerbaijan,2021-07-13,32,23,27.7,35.8,23,28.3,19.5,64.17,0,,0,,,,,25.9,287.4,1009.3,5,10,,,0,,2021-07-13T05:21:36,2021-07-13T20:10:40,0.06,Clear,Clear conditions throughout the day.,clear-day,"37864099999,UBBB"
azerbaijan,2021-07-14,31,23,27.3,32.4,23,27.8,18.8,61.43,0,,0,,,,59.4,48.2,337,1009.1,21.2,10,,,0,,2021-07-14T05:22:21,2021-07-14T20:10:08,0.1,Partially cloudy,Partly cloudy throughout the day.,wind,"37864099999,UBBB"
azerbaijan,2021-07-15,30,23,26.5,32.6,23,27.3,20.4,69.58,0,,0,,,,,33.5,295.5,1010.4,37.7,10,,,0,,2021-07-15T05:23:06,2021-07-15T20:09:34,0.14,Partially cloudy,Partly cloudy throughout the day.,wind,"37864099999,UBBB"
azerbaijan,2021-07-16,32,20,26.9,33,20,27.2,18.5,64.75,0,,0,,,,,18.4,154.8,1011.4,3.3,9.3,,,0,,2021-07-16T05:23:53,2021-07-16T20:08:58,0.2,Clear,Clear conditions throughout the day.,clear-day,"37864099999,UBBB"
azerbaijan,2021-07-17,33,20,27.4,33.5,20,28,18.5,62.04,0,,0,,,,,25.2,134.1,1009.3,0,10,,,0,,2021-07-17T05:24:41,2021-07-17T20:08:20,0.25,Clear,Clear conditions throughout the day.,clear-day,"37864099999,UBBB"
azerbaijan,2021-07-18,34,24,28.6,36.8,24,30.9,22.6,71.81,0,,0,,,,,25.9,165.8,1006.5,4.9,10,,,0,,2021-07-18T05:25:29,2021-07-18T20:07:40,0.31,Clear,Clear conditions throughout the day.,clear-day,"37864099999,UBBB"
azerbaijan,2021-07-19,34.1,25,29.7,39.4,25,33.1,23.4,71.09,0,,0,,,,,18.4,156.2,1005.8,0.5,10,,,0,,2021-07-19T05:26:18,2021-07-19T20:06:58,0.37,Clear,Clear conditions throughout the day.,clear-day,"37864099999,UBBB"
azerbaijan,2021-07-20,34,24,29.6,42,24,33.5,23.7,72.35,0,,0,,,,,18.4,157.5,1005.8,7.9,9.7,,,0,,2021-07-20T05:27:08,2021-07-20T20:06:14,0.41,Clear,Clear conditions throughout the day.,clear-day,"37864099999,UBBB"
azerbaijan,2021-07-21,35,26,30.6,39.5,26,33.4,22.3,63.64,0,,0,,,,40.7,18.4,116.3,1004.2,3.3,10,,,0,,2021-07-21T05:27:59,2021-07-21T20:05:29,0.45,Clear,Clear conditions throughout the day.,clear-day,"37864099999,UBBB"
azerbaijan,2021-07-22,39,26,31.7,38,26,33.7,19.4,52.71,0,,0,,,,,25.9,155.8,1000.4,22.1,10,,,0,,2021-07-22T05:28:50,2021-07-22T20:04:42,0.48,Partially cloudy,Partly cloudy throughout the day.,partly-cloudy-day,"37864099999,UBBB"
azerbaijan,2021-07-23,31,24,28,35.5,24,30.7,22.3,71.97,0,,0,,,,59.4,51.3,310.8,1000.4,26.8,9.4,,,0,,2021-07-23T05:29:42,2021-07-23T20:03:53,0.5,Partially cloudy,Partly cloudy throughout the day.,wind,"37864099999,UBBB"
azerbaijan,2021-07-24,30,25.9,27.4,33.3,25.9,29.1,22,73.04,0,,0,,,,61.2,54,328.1,1006.8,44.8,10,,,0,,2021-07-24T05:30:35,2021-07-24T20:03:02,0.5,Partially cloudy,Partly cloudy throughout the day.,wind,"37864099999,UBBB"
azerbaijan,2021-07-25,31,25.6,27.8,34.6,25.6,29.7,21.9,70.72,0,,0,,,,59.4,43.2,328.6,1012,32.1,10,,,0,,2021-07-25T05:31:28,2021-07-25T20:02:10,0.52,Partially cloudy,Partly cloudy throughout the day.,wind,"37864099999,UBBB"
azerbaijan,2021-07-26,32.3,26.6,29,34.6,26.6,30.6,19.9,58.84,0,,0,,,,63,51.8,323,1012.5,9.2,10,,,0,,2021-07-26T05:32:21,2021-07-26T20:01:16,0.54,Clear,Clear conditions throughout the day.,wind,"37864099999,UBBB"
azerbaijan,2021-07-27,32,26.9,28.6,33.5,28.3,30.4,20.2,60.65,0,,0,,,,76,57.6,326.5,1008.3,27.5,10,,,0,,2021-07-27T05:33:15,2021-07-27T20:00:20,0.57,Partially cloudy,Partly cloudy throughout the day.,wind,"37864099999,UBBB"
azerbaijan,2021-07-28,27,22.9,25,28.8,22.9,25.1,17.9,65.48,99.3,,4.17,,,,96.5,72.4,333.6,1010.8,73.8,10,,,0,,2021-07-28T05:34:10,2021-07-28T19:59:23,0.61,"Rain, Partially cloudy",Partly cloudy throughout the day with morning rain.,rain,"37864099999,UBBB"
azerbaijan,2021-07-29,29,23,25.7,30.3,23,26.3,19.2,67.91,99.4,,4.17,,,,59.4,45.5,334.6,1013.7,38.3,10,,,0,,2021-07-29T05:35:05,2021-07-29T19:58:24,0.66,"Rain, Partially cloudy",Partly cloudy throughout the day with morning rain.,rain,"37864099999,UBBB"
azerbaijan,2021-07-30,32,22,26.8,31,22,26.7,17.7,61.65,0,,0,,,,,22.3,221.7,1011.1,27.2,10,,,0,,2021-07-30T05:36:00,2021-07-30T19:57:23,0.7,Partially cloudy,Partly cloudy throughout the day.,partly-cloudy-day,"37864099999,UBBB"
azerbaijan,2021-07-31,32,23,27.6,33,23,27.9,17.7,56.34,0,,0,,,,,18.4,165.1,1009.6,20.2,10,,,0,,2021-07-31T05:36:56,2021-07-31T19:56:21,0.75,Partially cloudy,Partly cloudy throughout the day.,partly-cloudy-day,"37864099999,UBBB"
azerbaijan,2021-08-01,35,22,28.3,35.2,22,28.7,17.7,54.2,0,,0,,,,,16.2,202.8,1009.6,24.9,10,,,0,,2021-08-01T05:37:52,2021-08-01T19:55:18,0.8,Partially cloudy,Partly cloudy throughout the day.,partly-cloudy-day,"37864099999,UBBB"
azerbaijan,2021-08-02,35,21,27.8,34.4,21,28,17.8,59.65,0,,0,,,,,25.9,199.7,1009.6,6.7,10,,,0,,2021-08-02T05:38:48,2021-08-02T19:54:12,0.84,Clear,Clear conditions throughout the day.,clear-day,"37864099999,UBBB"
azerbaijan,2021-08-03,36.1,20,28.3,34.5,20,28.1,16.1,54.53,0,,0,,,,,18.4,222.4,1010.3,13.9,10,,,0,,2021-08-03T05:39:45,2021-08-03T19:53:06,0.89,Clear,Clear conditions throughout the day.,clear-day,"37864099999,UBBB"
azerbaijan,2021-08-04,35.3,21,28.9,35.8,21,28.7,15.4,48.08,0,,0,,,,,18.4,194.2,1011.2,28,10,,,0,,2021-08-04T05:40:42,2021-08-04T19:51:58,0.93,Partially cloudy,Partly cloudy throughout the day.,partly-cloudy-day,"37864099999,UBBB"
azerbaijan,2021-08-05,35.1,22,29.1,35.1,22,29.5,18,54.37,0,,0,,,,,29.5,308.1,1010.9,16.7,10,,,0,,2021-08-05T05:41:39,2021-08-05T19:50:48,0.96,Clear,Clear conditions throughout the day.,clear-day,"37864099999,UBBB"
azerbaijan,2021-08-06,35,22,29.1,37.7,22,30,19.4,59.66,0,,0,,,,,18.4,225.6,1008.5,0,10,,,0,,2021-08-06T05:42:36,2021-08-06T19:49:38,0.98,Clear,Clear conditions throughout the day.,clear-day,"37864099999,UBBB"
azerbaijan,2021-08-07,38,19,29.1,36.1,19,29.5,16.6,53.46,0,,0,,,,,22.3,113.1,1006.2,0,10,,,0,,2021-08-07T05:43:34,2021-08-07T19:48:25,1,Clear,Clear conditions throughout the day.,clear-day,"37864099999,UBBB"
azerbaijan,2021-08-08,41.2,24,32.3,40.1,24,33.2,18.7,54.1,0,,0,,,,,22.3,191.3,1006.6,0,10,,,0,,2021-08-08T05:44:31,2021-08-08T19:47:12,1,Clear,Clear conditions throughout the day.,clear-day,"37864099999,UBBB"
azerbaijan,2021-08-09,35,26,30.4,39.4,26,34.2,22.9,65.94,0.1,,4.17,,,,,22.3,290.9,1008.3,21.3,10,,,0,,2021-08-09T05:45:29,2021-08-09T19:45:57,0,"Rain, Partially cloudy",Partly cloudy throughout the day with late afternoon rain.,rain,"37864099999,UBBB"
azerbaijan,2021-08-10,36,25,30.4,43.5,25,34.3,23.5,68.78,99,,4.17,,,,,46.8,232.3,1007.2,23.1,10,,,0,,2021-08-10T05:46:27,2021-08-10T19:44:41,0.02,"Rain, Partially cloudy",Partly cloudy throughout the day with morning rain.,rain,"37864099999,UBBB"
azerbaijan,2021-08-11,39.5,25,32.4,37.2,25,31.8,13.5,36.67,0,,0,,,,,25.9,161.4,1005.9,23,10,,,0,,2021-08-11T05:47:25,2021-08-11T19:43:24,0.05,Partially cloudy,Partly cloudy throughout the day.,partly-cloudy-day,"37864099999,UBBB"
azerbaijan,2021-08-12,39,25,31.6,39.2,25,31.7,15.3,39.33,0,,0,,,,,22.3,123.8,1007.5,40.4,10,,,0,,2021-08-12T05:48:23,2021-08-12T19:42:06,0.09,Partially cloudy,Partly cloudy throughout the day.,partly-cloudy-day,"37864099999,UBBB"
azerbaijan,2021-08-13,36,23,30.5,39.8,23,32.6,21.4,62.43,0,,0,,,,,18.4,187.1,1008.5,5,10,,,0,,2021-08-13T05:49:21,2021-08-13T19:40:46,0.13,Clear,Clear conditions throughout the day.,clear-day,"37864099999,UBBB"
azerbaijan,2021-08-14,36,26,30.1,39.8,26,32.2,21.1,61.68,0,,0,,,,,22.3,152.5,1009.9,21.5,10,,,0,,2021-08-14T05:50:19,2021-08-14T19:39:25,0.19,Partially cloudy,Partly cloudy throughout the day.,partly-cloudy-day,"37864099999,UBBB"
azerbaijan,2021-08-15,33,22,28,32.4,22,28.2,17.4,54.81,0,,0,,,,,29.5,149.3,1011.5,16.7,10,,,0,,2021-08-15T05:51:17,2021-08-15T19:38:04,0.24,Clear,Clear conditions throughout the day.,clear-day,"37864099999,UBBB"
azerbaijan,2021-08-16,33,21,27.5,34,21,27.5,16.3,53.45,0,,0,,,,,22.3,192.7,1011.8,1.6,10,,,0,,2021-08-16T05:52:15,2021-08-16T19:36:41,0.3,Clear,Clear conditions throughout the day.,clear-day,"37864099999,UBBB"
azerbaijan,2021-08-17,32,24,28.2,34.2,24,29.2,19.5,60.48,0,,0,,,,,25.9,184.2,1011.9,32.3,10,,,0,,2021-08-17T05:53:13,2021-08-17T19:35:17,0.35,Partially cloudy,Partly cloudy throughout the day.,partly-cloudy-day,"37864099999,UBBB"
azerbaijan,2021-08-18,35,23,28.4,34.9,23,29,18.4,58.32,0,,0,,,,,22.3,176.7,1010,16,10,,,0,,2021-08-18T05:54:12,2021-08-18T19:33:52,0.4,Clear,Clear conditions throughout the day.,clear-day,"37864099999,UBBB"
azerbaijan,2021-08-19,36,19,27.6,35.1,19,28.1,16.8,54.94,0,,0,,,,,23.9,141.2,1007.1,3.3,10,,,0,,2021-08-19T05:55:10,2021-08-19T19:32:26,0.44,Clear,Clear conditions throughout the day.,clear-day,"37864099999,UBBB"
azerbaijan,2021-08-20,36,20,28.6,37,20,28.9,17.1,55.33,0,,0,,,,,22.3,191.4,1007.3,20.2,10,,,0,,2021-08-20T05:56:08,2021-08-20T19:31:00,0.48,Partially cloudy,Partly cloudy throughout the day.,partly-cloudy-day,"37864099999,UBBB"
azerbaijan,2021-08-21,33.1,24.3,28.9,39.3,24.3,31.1,21.3,65.17,0,,0,,,,,18.4,306.7,1010.4,20.1,10,,,0,,2021-08-21T05:57:06,2021-08-21T19:29:32,0.49,Partially cloudy,Partly cloudy throughout the day.,partly-cloudy-day,"37864099999,UBBB"
azerbaijan,2021-08-22,34,24,28.7,35.8,24,30.1,21.8,70.27,0,,0,,,,,29.5,297.8,1011.6,2.5,9.8,,,0,,2021-08-22T05:58:04,2021-08-22T19:28:04,0.5,Clear,Clear conditions throughout the day.,clear-day,"37864099999,UBBB"
azerbaijan,2021-08-23,37.1,21,28.3,37.3,21,29.5,20.5,70.04,0,,0,,,,,25.9,253.7,1011,23.5,8.8,,,0,,2021-08-23T05:59:02,2021-08-23T19:26:34,0.51,Partially cloudy,Partly cloudy throughout the day.,partly-cloudy-day,"37864099999,UBBB"
azerbaijan,2021-08-24,33,24,28.5,35.3,24,30.4,22.1,70.86,0,,0,,,,,29.5,287.3,1012.7,9.6,10,,,0,,2021-08-24T06:00:01,2021-08-24T19:25:04,0.53,Clear,Clear conditions throughout the day.,clear-day,"37864099999,UBBB"
azerbaijan,2021-08-25,31,25.9,28,34.6,25.9,30.6,22.9,74.57,0,,0,,,,,36,321.6,1012.3,62.3,10,,,0,,2021-08-25T06:00:59,2021-08-25T19:23:33,0.55,Partially cloudy,Partly cloudy throughout the day.,wind,"37864099999,UBBB"
azerbaijan,2021-08-26,32,24,27.9,33.5,24,28.9,20.7,66.76,0,,0,,,,,25.9,230.3,1010.9,5,10,,,0,,2021-08-26T06:01:57,2021-08-26T19:22:01,0.59,Clear,Clear conditions throughout the day.,clear-day,"37864099999,UBBB"
azerbaijan,2021-08-27,33,22,27.8,35.3,22,28.9,20.4,66.71,0,,0,,,,,18.4,221.5,1012.2,0,10,,,0,,2021-08-27T06:02:55,2021-08-27T19:20:29,0.63,Clear,Clear conditions throughout the day.,clear-day,"37864099999,UBBB"
azerbaijan,2021-08-28,34,21,27.8,36.5,21,28.8,20.3,66.66,0,,0,,,,,18.4,150.1,1011.5,0,9.9,,,0,,2021-08-28T06:03:52,2021-08-28T19:18:56,0.67,Clear,Clear conditions throughout the day.,clear-day,"37864099999,UBBB"
azerbaijan,2021-08-29,34,20,27.6,37.9,20,28.4,18.5,61.97,0,,0,,,,,18.4,130,1010.2,7.5,10,,,0,,2021-08-29T06:04:50,2021-08-29T19:17:22,0.72,Clear,Clear conditions throughout the day.,clear-day,"37864099999,UBBB"
azerbaijan,2021-08-30,34,21,27.8,34.4,21,28.6,18.7,60.85,0,,0,,,,,25.9,146.3,1010.5,0,10,,,0,,2021-08-30T06:05:48,2021-08-30T19:15:48,0.76,Clear,Clear conditions throughout the day.,clear-day,"37864099999,UBBB"
azerbaijan,2021-08-31,34.1,21,28,34,21,28.4,18.2,59.83,0,,0,,,,,22.3,171.8,1010,0,9.9,,,0,,2021-08-31T06:06:46,2021-08-31T19:14:13,0.81,Clear,Clear conditions throughout the day.,clear-day,"37864099999,UBBB"
azerbaijan,2021-09-01,34.1,22,28.4,36.1,22,29.4,19.4,62.49,0,,0,,,,,22.3,153.6,1008.5,3.9,10,,,0,,2021-09-01T06:07:44,2021-09-01T19:12:37,0.86,Clear,Clear conditions throughout the day.,clear-day,"37864099999,UBBB"
azerbaijan,2021-09-02,35,22,27.6,37,22,28.7,20.6,69.98,0,,0,,,,63,48.7,263.2,1002.7,16.9,10,,,0,,2021-09-02T06:08:41,2021-09-02T19:11:01,0.9,Clear,Clear conditions throughout the day.,wind,"37864099999,UBBB"
azerbaijan,2021-09-03,29.1,19,26,31.4,19,26.7,20.3,71.84,0,,0,,,,74.2,55.4,329.3,1006.4,73.6,10,,,0,,2021-09-03T06:09:39,2021-09-03T19:09:25,0.94,Partially cloudy,Partly cloudy throughout the day.,wind,"37864099999,UBBB"
azerbaijan,2021-09-04,25,19,22.5,25,19,22.5,14.3,60.62,0,,0,,,,61.2,54,227.4,1016.5,52.1,10,,,0,,2021-09-04T06:10:36,2021-09-04T19:07:48,0.97,Partially cloudy,Partly cloudy throughout the day.,wind,"37864099999,UBBB"
azerbaijan,2021-09-05,28.2,18,24.1,28,18,24,14.6,57.36,0,,0,,,,,22.3,144.4,1014.7,11.7,10,,,0,,2021-09-05T06:11:34,2021-09-05T19:06:10,0.99,Clear,Clear conditions throughout the day.,clear-day,"37864099999,UBBB"
azerbaijan,2021-09-06,29,20,25.1,29.5,20,25.4,17.5,63.69,0,,0,,,,70.6,51.8,320,1013.2,18.8,10,,,0,,2021-09-06T06:12:32,2021-09-06T19:04:32,1,Clear,Clear conditions throughout the day.,wind,"37864099999,UBBB"
azerbaijan,2021-09-07,26,19,22.3,26,19,22.3,18.3,78.41,0.4,,4.17,,,,76,57.6,324.4,1019.3,69.4,10,,,0,,2021-09-07T06:13:29,2021-09-07T19:02:54,0,"Rain, Partially cloudy",Partly cloudy throughout the day with late afternoon rain.,rain,"37864099999,UBBB"
azerbaijan,2021-09-08,23,19,21.1,23,19,21.1,11.5,55.77,0,,0,,,,59.4,46.8,112.6,1024.1,51.1,10,,,0,,2021-09-08T06:14:27,2021-09-08T19:01:15,0.01,Partially cloudy,Partly cloudy throughout the day.,wind,"37864099999,UBBB"
azerbaijan,2021-09-09,24,20.9,22,24,20.9,22,11.3,50.63,0,,0,,,,,37.1,308.1,1020.6,33.3,10,,,0,,2021-09-09T06:15:24,2021-09-09T18:59:36,0.04,Partially cloudy,Partly cloudy throughout the day.,wind,"37864099999,UBBB"
azerbaijan,2021-09-10,26,17,22,26,17,22,12.4,55.13,0,,0,,,,,22.3,190.8,1017.3,25,10,,,0,,2021-09-10T06:16:22,2021-09-10T18:57:57,0.07,Partially cloudy,Partly cloudy throughout the day.,partly-cloudy-day,"37864099999,UBBB"
azerbaijan,2021-09-11,28,17,22.6,28,17,22.7,15.6,66.92,0,,0,,,,,22.3,292,1012.2,6.5,10,,,0,,2021-09-11T06:17:19,2021-09-11T18:56:18,0.12,Clear,Clear conditions throughout the day.,clear-day,"37864099999,UBBB"
azerbaijan,2021-09-12,32,19,25,30.1,19,24.8,15.7,60.79,0,,0,,,,,22.3,229.6,1010.5,0,10,,,0,,2021-09-12T06:18:17,2021-09-12T18:54:38,0.17,Clear,Clear conditions throughout the day.,clear-day,"37864099999,UBBB"
azerbaijan,2021-09-13,28,20,24.4,28.9,20,24.7,18.9,72.38,0,,0,,,,,37.1,326.2,1008.9,13,10,,,0,,2021-09-13T06:19:15,2021-09-13T18:52:58,0.23,Clear,Clear conditions throughout the day.,wind,"37864099999,UBBB"
azerbaijan,2021-09-14,28,21.9,24.4,29.2,21.9,24.6,18.7,71.32,0,,0,,,,,33.5,327.2,1010.5,9.3,10,,,0,,2021-09-14T06:20:12,2021-09-14T18:51:18,0.28,Clear,Clear conditions throughout the day.,wind,"37864099999,UBBB"
azerbaijan,2021-09-15,30,20,24.5,29.7,20,24.5,16.6,64.12,0,,0,,,,,18.4,266.3,1012.2,0,10,,,0,,2021-09-15T06:21:10,2021-09-15T18:49:37,0.34,Clear,Clear conditions throughout the day.,clear-day,"37864099999,UBBB"
azerbaijan,2021-09-16,30,18,23.8,29.7,18,23.9,17.4,69.97,0,,0,,,,59.4,40.7,257.4,1008.5,1,10,,,0,,2021-09-16T06:22:08,2021-09-16T18:47:57,0.39,Clear,Clear conditions throughout the day.,wind,"37864099999,UBBB"
azerbaijan,2021-09-17,27,21,24,27.5,21,24.1,16.4,63,0,,0,,,,81.7,55.4,298.8,1011.3,4.2,10,,,0,,2021-09-17T06:23:06,2021-09-17T18:46:16,0.43,Clear,Clear conditions throughout the day.,wind,"37864099999,UBBB"
azerbaijan,2021-09-18,26,19,22.4,26,19,22.4,12.7,55.29,0,,0,,,,,31,309.3,1014.1,0,10,,,0,,2021-09-18T06:24:04,2021-09-18T18:44:35,0.47,Clear,Clear conditions throughout the day.,wind,"37864099999,UBBB"
azerbaijan,2021-09-19,28.1,17,22.5,27.9,17,22.4,13.3,57.91,0,,0,,,,,23.9,236.7,1014.1,0,10,,,0,,2021-09-19T06:25:02,2021-09-19T18:42:55,0.49,Clear,Clear conditions throughout the day.,clear-day,"37864099999,UBBB"
azerbaijan,2021-09-20,29,18,23.5,29.5,18,23.4,16.9,69.6,0,,0,,,,,25.9,210.4,1011.9,2.1,10,,,0,,2021-09-20T06:26:00,2021-09-20T18:41:14,0.5,Clear,Clear conditions throughout the day.,clear-day,"37864099999,UBBB"
azerbaijan,2021-09-21,28,20,23.5,28.3,20,23.6,17.1,69.01,0,,0,,,,,25.9,266.2,1012.2,5.6,10,,,0,,2021-09-21T06:26:58,2021-09-21T18:39:33,0.5,Clear,Clear conditions throughout the day.,clear-day,"37864099999,UBBB"
azerbaijan,2021-09-22,27,21,23.5,28.5,21,23.5,19.5,79.25,0,,0,,,,,18.4,287.2,1008.9,62.1,10,,,0,,2021-09-22T06:27:56,2021-09-22T18:37:53,0.52,Partially cloudy,Partly cloudy throughout the day.,partly-cloudy-day,"37864099999,UBBB"
azerbaijan,2021-09-23,26,21,22.8,26,21,22.8,19.1,80.47,0,,0,,,,,29.5,289.5,1007.1,77.9,10,,,0,,2021-09-23T06:28:55,2021-09-23T18:36:12,0.53,Partially cloudy,Partly cloudy throughout the day.,partly-cloudy-day,"37864099999,UBBB"
azerbaijan,2021-09-24,27,18.8,21.7,27.9,18.8,21.7,18.3,81.95,1,,4.17,,,,55.4,44.6,300.9,1007.1,72.8,9.8,,,0,,2021-09-24T06:29:54,2021-09-24T18:34:32,0.56,"Rain, Partially cloudy",Partly cloudy throughout the day with late afternoon rain.,rain,"37864099999,UBBB"
azerbaijan,2021-09-25,22,17.2,19.1,22,17.2,19.1,15.7,81.38,0,,0,,,,57.6,48.2,271,1011.9,63.2,10,,,0,,2021-09-25T06:30:52,2021-09-25T18:32:51,0.6,Partially cloudy,Partly cloudy throughout the day.,wind,"37864099999,UBBB"
azerbaijan,2021-09-26,22,15,18,22,15,18,13,74.31,2,,4.17,,,,94.7,68.4,282.5,1017.3,41,9.8,,,0,,2021-09-26T06:31:51,2021-09-26T18:31:11,0.64,"Rain, Partially cloudy",Partly cloudy throughout the day with afternoon rain.,rain,"37864099999,UBBB"
azerbaijan,2021-09-27,25,13,19.7,25,13,19.7,13.1,67.63,0,,0,,,,,18.4,220.1,1014.9,1.2,10,,,0,,2021-09-27T06:32:50,2021-09-27T18:29:31,0.68,Clear,Clear conditions throughout the day.,clear-day,"37864099999,UBBB"
azerbaijan,2021-09-28,20,15,17.6,20,15,17.6,15.9,89.78,3,,4.17,,,,,29.5,297,1016.1,72.1,9.7,,,0,,2021-09-28T06:33:50,2021-09-28T18:27:52,0.73,"Rain, Partially cloudy",Partly cloudy throughout the day with late afternoon rain.,rain,"37864099999,UBBB"
azerbaijan,2021-09-29,20,16,17.7,20,16,17.7,13.9,78.98,0,,0,,,,,22.3,221.9,1020,81.9,10,,,0,,2021-09-29T06:34:49,2021-09-29T18:26:12,0.77,Partially cloudy,Partly cloudy throughout the day.,partly-cloudy-day,"37864099999,UBBB"
azerbaijan,2021-09-30,18,15,16.7,18,15,16.7,11.3,70.96,100,,8.33,,,,,33.5,54.9,1022.6,72.4,10,,,0,,2021-09-30T06:35:49,2021-09-30T18:24:33,0.82,"Rain, Partially cloudy",Partly cloudy throughout the day with rain.,rain,"37864099999,UBBB"
azerbaijan,2021-10-01,18.2,14.7,16.1,18.2,14.7,16.1,8.7,61.7,0,,0,,,,,29.5,39.4,1025.3,84.6,10,,,0,,2021-10-01T06:36:49,2021-10-01T18:22:54,0.87,Partially cloudy,Partly cloudy throughout the day.,partly-cloudy-day,"37864099999,UBBB"
azerbaijan,2021-10-02,19,15,16.9,19,15,16.9,9.1,60.38,0.4,,4.17,,,,,22.3,78.7,1026,52.7,10,,,0,,2021-10-02T06:37:49,2021-10-02T18:21:16,0.91,"Rain, Partially cloudy",Partly cloudy throughout the day with late afternoon rain.,rain,"37864099999,UBBB"
azerbaijan,2021-10-03,21.2,16,18.3,21.2,16,18.3,11.2,64.03,99,,4.17,,,,,18.4,172.2,1022.6,32,10,,,0,,2021-10-03T06:38:49,2021-10-03T18:19:37,0.95,"Rain, Partially cloudy",Partly cloudy throughout the day with morning rain.,rain,"37864099999,UBBB"
azerbaijan,2021-10-04,21,15.9,18.6,21,15.9,18.6,12.8,70.16,99.2,,4.17,,,,,33.5,108.7,1016.1,46.6,10,,,0,,2021-10-04T06:39:50,2021-10-04T18:18:00,0.98,"Rain, Partially cloudy",Partly cloudy throughout the day with morning rain.,rain,"37864099999,UBBB"
azerbaijan,2021-10-05,19,16,16.9,19,16,16.9,9.4,61.18,0,,0,,,,,37.1,209.8,1020.7,52.5,10,,,0,,2021-10-05T06:40:51,2021-10-05T18:16:22,1,Partially cloudy,Partly cloudy throughout the day.,wind,"37864099999,UBBB"
azerbaijan,2021-10-06,17,14,15.7,17,14,15.8,8.5,62.11,99.2,,4.17,,,,,37.1,78.3,1023.8,55.3,10,,,0,,2021-10-06T06:41:52,2021-10-06T18:14:46,0,"Rain, Partially cloudy",Partly cloudy throughout the day with morning rain.,rain,"37864099999,UBBB"
azerbaijan,2021-10-07,15,10,13.6,15,10,13.6,6,60.08,0,,0,,,,,33.5,113.9,1028.6,61.7,10,,,0,,2021-10-07T06:42:54,2021-10-07T18:13:09,0.01,Partially cloudy,Partly cloudy throughout the day.,wind,"37864099999,UBBB"
azerbaijan,2021-10-08,16,7,12.2,16,5.6,11.7,4.7,61.41,0,,0,,,,,22.3,223.4,1029.9,26.1,10,,,0,,2021-10-08T06:43:55,2021-10-08T18:11:34,0.03,Partially cloudy,Partly cloudy throughout the day.,partly-cloudy-day,"37864099999,UBBB"
azerbaijan,2021-10-09,18,5.6,12.8,18,5.6,12.8,4.1,57.78,0,,0,,,,,22.3,177,1029.8,0,10,,,0,,2021-10-09T06:44:57,2021-10-09T18:09:58,0.06,Clear,Clear conditions throughout the day.,clear-day,"37864099999,UBBB"
azerbaijan,2021-10-10,19,13,15.9,19,13,15.9,8.6,62.48,0,,0,,,,,22.3,127.5,1026.7,63.3,10,,,0,,2021-10-10T06:46:00,2021-10-10T18:08:24,0.11,Partially cloudy,Partly cloudy throughout the day.,partly-cloudy-day,"37864099999,UBBB"
azerbaijan,2021-10-11,21,14,17.3,21,14,17.3,8.6,58.31,99.2,,4.17,,,,,25.9,147.5,1024.6,40.7,10,,,0,,2021-10-11T06:47:02,2021-10-11T18:06:50,0.16,"Rain, Partially cloudy",Partly cloudy throughout the day with morning rain.,rain,"37864099999,UBBB"
azerbaijan,2021-10-12,21,12,16.8,21,12,16.8,11.1,69.89,0,,0,,,,,29.5,146.2,1019.8,29.7,10,,,0,,2021-10-12T06:48:05,2021-10-12T18:05:17,0.21,Partially cloudy,Partly cloudy throughout the day.,partly-cloudy-day,"37864099999,UBBB"
azerbaijan,2021-10-13,21.8,12,17.4,21.8,12,17.4,13.9,80.43,0,,0,,,,57.6,42.6,168.7,1013.8,22.2,10,,,0,,2021-10-13T06:49:09,2021-10-13T18:03:44,0.27,Partially cloudy,Partly cloudy throughout the day.,wind,"37864099999,UBBB"
azerbaijan,2021-10-14,22,16,18.4,22,16,18.4,14.8,80.54,0,,0,,,,59.4,44.6,294,1017.3,32.5,10,,,0,,2021-10-14T06:50:12,2021-10-14T18:02:12,0.33,Partially cloudy,Partly cloudy throughout the day.,wind,"37864099999,UBBB"
azerbaijan,2021-10-15,21.1,14.8,17.8,21.1,14.8,17.8,14.3,80.97,0,,0,,,,,23.9,240.7,1021.3,47.3,10,,,0,,2021-10-15T06:51:16,2021-10-15T18:00:41,0.37,Partially cloudy,Clearing in the afternoon.,partly-cloudy-day,"37864099999,UBBB"
azerbaijan,2021-10-16,21.1,14,17.7,21.1,14,17.7,14.7,83.23,0,,0,,,,,25.9,160,1017.1,48.8,10,,,0,,2021-10-16T06:52:20,2021-10-16T17:59:11,0.42,Partially cloudy,Partly cloudy throughout the day.,partly-cloudy-day,"37864099999,UBBB"
azerbaijan,2021-10-17,22.1,13,18.6,22.1,13,18.6,14.9,79.64,0,,0,,,,,22.3,163.9,1012.8,40.1,9.9,,,0,,2021-10-17T06:53:25,2021-10-17T17:57:41,0.45,Partially cloudy,Partly cloudy throughout the day.,partly-cloudy-day,"37864099999,UBBB"
azerbaijan,2021-10-18,21.1,13,17.3,21.1,13,17.3,14.7,85.79,0,,0,,,,,33.5,322,1011.8,50.4,8.9,,,0,,2021-10-18T06:54:30,2021-10-18T17:56:13,0.48,Partially cloudy,Partly cloudy throughout the day.,wind,"37864099999,UBBB"
azerbaijan,2021-10-19,19,16,17.2,19,16,17.2,14.6,84.71,0,,0,,,,,22.3,316.3,1016.3,61.4,10,,,0,,2021-10-19T06:55:35,2021-10-19T17:54:45,0.49,Partially cloudy,Partly cloudy throughout the day.,partly-cloudy-day,"37864099999,UBBB"
azerbaijan,2021-10-20,15.2,12.8,13.7,15.2,12.8,13.7,9.5,76.68,0,,0,,,,57.6,38.9,333.4,1023.5,91.4,10,,,0,,2021-10-20T06:56:41,2021-10-20T17:53:18,0.5,Overcast,Cloudy skies throughout the day.,wind,"37864099999,UBBB"
azerbaijan,2021-10-21,16,12,13.8,16,12,13.9,7.6,66.02,0,,0,,,,,27.2,257.4,1030,64.8,10,,,0,,2021-10-21T06:57:47,2021-10-21T17:51:53,0.51,Partially cloudy,Partly cloudy throughout the day.,partly-cloudy-day,"37864099999,UBBB"
azerbaijan,2021-10-22,19.7,13.8,16.4,19.7,13.8,16.4,10.3,68.16,0,,0,,,,59.4,47.8,188,1024.1,13.7,10,,,0,,2021-10-22T06:58:53,2021-10-22T17:50:28,0.52,Clear,Clear conditions throughout the day.,wind,"37864099999,UBBB"
azerbaijan,2021-10-23,20.2,10,16.5,20.2,10,16.5,12.7,79.19,0,,0,,,,,25.9,165,1019.9,21.6,9.5,,,0,,2021-10-23T07:00:00,2021-10-23T17:49:04,0.54,Partially cloudy,Partly cloudy throughout the day.,partly-cloudy-day,"37864099999,UBBB"
azerbaijan,2021-10-24,20,10,14.2,20,10,14.2,11.7,86.05,0,,0,,,,,29.5,253,1017.1,34.7,6.6,,,0,,2021-10-24T07:01:06,2021-10-24T17:47:42,0.57,Partially cloudy,Partly cloudy throughout the day.,partly-cloudy-day,"37864099999,UBBB"
azerbaijan,2021-10-25,18.1,7,12.2,18.1,7,12.2,9.3,83.98,0,,0,,,,72.4,57.1,256.3,1018.2,45.7,7,,,0,,2021-10-25T07:02:14,2021-10-25T17:46:20,0.61,Partially cloudy,Becoming cloudy in the afternoon.,wind,"37864099999,UBBB"
azerbaijan,2021-10-26,10,9,9.3,10,4,6.2,6.9,85.07,8,,4.17,,,,77.8,53.3,322.8,1028.7,92.2,10,,,0,,2021-10-26T07:03:21,2021-10-26T17:45:00,0.65,"Rain, Overcast",Cloudy skies throughout the day with late afternoon rain.,rain,"37864099999,UBBB"
azerbaijan,2021-10-27,14,8,10.8,14,5.4,10,6.3,74.9,0,,0,,,,,20.1,239.9,1030.9,72.9,10,,,0,,2021-10-27T07:04:29,2021-10-27T17:43:41,0.69,Partially cloudy,Partly cloudy throughout the day.,partly-cloudy-day,"37864099999,UBBB"
azerbaijan,2021-10-28,16,8,11.9,16,6.1,11.6,7.1,74.2,0,,0,,,,,25.9,166.7,1024.4,44.7,10,,,0,,2021-10-28T07:05:37,2021-10-28T17:42:23,0.74,Partially cloudy,Partly cloudy throughout the day.,partly-cloudy-day,"37864099999,UBBB"
azerbaijan,2021-10-29,15,6,11.4,15,4.4,11.3,9,85.53,0.2,,4.17,,,,,18.4,179.5,1025,72.3,9.7,,,0,,2021-10-29T07:06:46,2021-10-29T17:41:07,0.79,"Rain, Partially cloudy",Partly cloudy throughout the day with late afternoon rain.,rain,"37864099999,UBBB"
azerbaijan,2021-10-30,14,11,12.6,14,11,12.6,9.5,81.59,101,,8.33,,,,,16.2,196.1,1030.9,56.1,10,,,0,,2021-10-30T07:07:54,2021-10-30T17:39:51,0.84,"Rain, Partially cloudy",Partly cloudy throughout the day with rain.,rain,"37864099999,UBBB"
azerbaijan,2021-10-31,18,12,14.7,18,12,14.7,12.1,84.93,0,,0,,,,,25.9,136.3,1030.1,43,10,,,0,,2021-10-31T07:09:03,2021-10-31T17:38:37,0.88,Partially cloudy,Partly cloudy throughout the day.,partly-cloudy-day,"37864099999,UBBB"
azerbaijan,2021-11-01,16.1,12.6,14.6,16.1,12.6,14.6,12.2,86.07,0,,0,,,,,40.4,165.2,1023.1,59.4,9.7,,,0,,2021-11-01T07:10:13,2021-11-01T17:37:25,0.93,Partially cloudy,Partly cloudy throughout the day.,wind,"37864099999,UBBB"
azerbaijan,2021-11-02,17,14,15,17,14,15,12,82.75,0,,0,,,,,18.4,202.8,1017.2,98.9,9.7,,,0,,2021-11-02T07:11:22,2021-11-02T17:36:14,0.96,Overcast,Cloudy skies throughout the day.,cloudy,"37864099999,UBBB"
azerbaijan,2021-11-03,16,13.8,14.8,16,13.8,14.8,12,83.11,0,,0,,,,,21.6,304.4,1018,100,10,,,0,,2021-11-03T07:12:32,2021-11-03T17:35:04,0.99,Overcast,Cloudy skies throughout the day.,cloudy,"37864099999,UBBB"
azerbaijan,2021-11-04,16.1,13,14.8,16.1,13,14.8,11.1,78.83,0,,0,,,,,33.5,168.7,1026.4,56.1,9.9,,,0,,2021-11-04T07:13:41,2021-11-04T17:33:56,1,Partially cloudy,Partly cloudy throughout the day.,wind,"37864099999,UBBB"
azerbaijan,2021-11-05,14,4,10.3,14,2.1,9.8,4.2,66.57,0,,0,,,,,25.9,88.7,1031.9,19,10,,,0,,2021-11-05T07:14:51,2021-11-05T17:32:49,0,Clear,Clear conditions throughout the day.,clear-day,"37864099999,UBBB"
azerbaijan,2021-11-06,12.3,2,6.9,12.3,-0.3,5.8,2.4,74.32,0,,0,,,,,18.4,171.6,1029.4,18.3,10,,,0,,2021-11-06T07:16:02,2021-11-06T17:31:44,0.02,Clear,Clear conditions throughout the day.,clear-day,"37864099999,UBBB"
azerbaijan,2021-11-07,15,1,7.8,15,-0.2,7.6,4.8,82.51,0,,0,,,,,21.6,129,1023.6,4.4,10,,,0,,2021-11-07T07:17:12,2021-11-07T17:30:41,0.05,Clear,Clear conditions throughout the day.,clear-day,"37864099999,UBBB"
azerbaijan,2021-11-08,16.3,3,10.4,16.3,0.9,10.1,8,86.45,0,,0,,,,,22.3,189.2,1023.6,14.5,7.4,,,0,,2021-11-08T07:18:22,2021-11-08T17:29:39,0.09,Clear,Clear conditions throughout the day.,clear-day,"37864099999,UBBB"
azerbaijan,2021-11-09,17,10,14.1,17,10,14.1,11.1,82.97,0,,0,,,,55.4,50.4,169,1021.6,35.7,10,,,0,,2021-11-09T07:19:33,2021-11-09T17:28:38,0.14,Partially cloudy,Partly cloudy throughout the day.,wind,"37864099999,UBBB"
azerbaijan,2021-11-10,16,10,13.3,16,10,13.3,9.7,79.38,0,,0,,,,103.7,83.2,260.5,1016.8,67.9,10,,,0,,2021-11-10T07:20:43,2021-11-10T17:27:40,0.19,Partially cloudy,Partly cloudy throughout the day.,wind,"37864099999,UBBB"
azerbaijan,2021-11-11,10,7,9,10,3.1,5.3,3,66.3,0,,0,,,,81.7,59.2,323.3,1031.2,90.6,10,,,0,,2021-11-11T07:21:53,2021-11-11T17:26:43,0.25,Overcast,Cloudy skies throughout the day.,wind,"37864099999,UBBB"
azerbaijan,2021-11-12,12,6.3,8.8,12,5,7.9,4.1,73.17,99.8,,4.17,,,,,18.4,205,1029.5,63.2,10,,,0,,2021-11-12T07:23:04,2021-11-12T17:25:48,0.3,"Rain, Partially cloudy",Partly cloudy throughout the day with morning rain.,rain,"37864099999,UBBB"
azerbaijan,2021-11-13,14,4,9.6,14,2.1,8.4,4,70.19,0,,0,,,,,32.4,211.8,1024,7.9,9.8,,,0,,2021-11-13T07:24:14,2021-11-13T17:24:55,0.35,Clear,Clear conditions throughout the day.,wind,"37864099999,UBBB"
azerbaijan,2021-11-14,13.2,4,9,13.2,2.1,8.6,5.4,79.08,0,,0,,,,,22.3,198.7,1029.1,55.2,9.1,,,0,,2021-11-14T07:25:24,2021-11-14T17:24:03,0.4,Partially cloudy,Partly cloudy throughout the day.,partly-cloudy-day,"37864099999,UBBB"
azerbaijan,2021-11-15,15,9.6,12.4,15,9.6,12.4,7.1,71.12,0,,0,,,,,37.1,231.7,1019.5,64.8,10,,,0,,2021-11-15T07:26:35,2021-11-15T17:23:14,0.43,Partially cloudy,Partly cloudy throughout the day.,wind,"37864099999,UBBB"
azerbaijan,2021-11-16,12,5.7,7.8,12,-0.4,3.1,0.9,62.4,1,,4.17,,,,88.9,68.4,332.1,1026.5,81.2,10,,,0,,2021-11-16T07:27:44,2021-11-16T17:22:26,0.46,"Rain, Partially cloudy",Partly cloudy throughout the day with late afternoon rain.,rain,"37864099999,UBBB"
azerbaijan,2021-11-17,10.1,3,7.4,10.1,2.1,5.2,1.4,66.11,0,,0,,,,,29.5,214,1030.4,39.6,10,,,0,,2021-11-17T07:28:54,2021-11-17T17:21:40,0.48,Partially cloudy,Partly cloudy throughout the day.,partly-cloudy-day,"37864099999,UBBB"
azerbaijan,2021-11-18,13,4,9.1,13,3.3,8.8,3.9,70.77,0,,0,,,,,25.9,121.3,1026.1,63.9,10,,,0,,2021-11-18T07:30:04,2021-11-18T17:20:57,0.5,Partially cloudy,Partly cloudy throughout the day.,partly-cloudy-day,"37864099999,UBBB"
azerbaijan,2021-11-19,13.2,8,11.1,13.2,7.9,11,5.8,70.26,0,,0,,,,,29.5,140.5,1019.5,93.1,10,,,0,,2021-11-19T07:31:13,2021-11-19T17:20:15,0.5,Overcast,Cloudy skies throughout the day.,cloudy,"37864099999,UBBB"
azerbaijan,2021-11-20,14,6,10.7,14,3.6,10.3,4.6,66.87,0,,0,,,,,29.5,191.6,1012,35.1,10,,,0,,2021-11-20T07:32:21,2021-11-20T17:19:35,0.51,Partially cloudy,Partly cloudy throughout the day.,partly-cloudy-day,"37864099999,UBBB"
azerbaijan,2021-11-21,14,5,9.9,14,4.8,9.4,5.8,76.37,0,,0,,,,,29.5,234.7,1014.3,31.8,10,,,0,,2021-11-21T07:33:30,2021-11-21T17:18:57,0.52,Partially cloudy,Partly cloudy throughout the day.,partly-cloudy-day,"37864099999,UBBB"
azerbaijan,2021-11-22,15,5,10.3,15,2.4,9.7,7.8,84.85,0,,0,,,,,32.4,155,1019.5,17.6,10,,,0,,2021-11-22T07:34:38,2021-11-22T17:18:21,0.54,Clear,Clear conditions throughout the day.,wind,"37864099999,UBBB"
azerbaijan,2021-11-23,16.2,2,9.2,16.2,-0.2,8.8,6.1,82.65,0,,0,,,,,18.4,187.7,1016.4,7.8,7.9,,,0,,2021-11-23T07:35:45,2021-11-23T17:17:48,0.57,Clear,Clear conditions throughout the day.,clear-day,"37864099999,UBBB"
azerbaijan,2021-11-24,15,9,11.4,15,4.3,10.7,7.1,75.67,0,,0,,,,66.6,47.7,270.8,1013.1,61.8,9.8,,,0,,2021-11-24T07:36:52,2021-11-24T17:17:16,0.61,Partially cloudy,Becoming cloudy in the afternoon.,wind,"37864099999,UBBB"
azerbaijan,2021-11-25,9,6.8,7.5,7,1.9,4.5,3.9,78.66,0.5,,4.17,,,,70.6,47.5,187.3,1028.4,99.3,10,,,0,,2021-11-25T07:37:58,2021-11-25T17:16:47,0.66,"Rain, Overcast",Cloudy skies throughout the day with late afternoon rain.,rain,"37864099999,UBBB"
azerbaijan,2021-11-26,12,4,8.6,12,2.1,7.7,3.9,72.62,99,,4.17,,,,,18.4,152.1,1025.8,54.9,10,,,0,,2021-11-26T07:39:04,2021-11-26T17:16:20,0.7,"Rain, Partially cloudy",Partly cloudy throughout the day with morning rain.,rain,"37864099999,UBBB"
azerbaijan,2021-11-27,13,6.3,10.1,13,4.8,9.4,5.8,75.45,0,,0,,,,,36,183.5,1019.3,27.6,10,,,0,,2021-11-27T07:40:09,2021-11-27T17:15:55,0.75,Partially cloudy,Partly cloudy throughout the day.,wind,"37864099999,UBBB"
azerbaijan,2021-11-28,14,2,9.4,14,1.3,9.1,7.4,87.66,0,,0,,,,,25.9,178.1,1016.4,49.4,9.6,,,0,,2021-11-28T07:41:13,2021-11-28T17:15:32,0.81,Partially cloudy,Partly cloudy throughout the day.,partly-cloudy-day,"37864099999,UBBB"
azerbaijan,2021-11-29,13,4,10.6,13,4,10.6,8.3,86.13,0,,0,,,,,18.4,209.4,1015.9,70.6,7.4,,,0,,2021-11-29T07:42:16,2021-11-29T17:15:11,0.86,Partially cloudy,Partly cloudy throughout the day.,partly-cloudy-day,"37864099999,UBBB"
azerbaijan,2021-11-30,17.2,7,12.5,17.2,7,12.5,8.9,80.65,0,,0,,,,66.6,48.2,179.2,1008.7,49.4,6.9,,,0,,2021-11-30T07:43:18,2021-11-30T17:14:53,0.91,Partially cloudy,Partly cloudy throughout the day.,wind,"37864099999,UBBB"
azerbaijan,2021-12-01,25,9,14.8,25,7.3,14.8,7.4,64.12,0,,0,,,,64.8,46.4,253.4,1001.4,0.5,10,,,0,,2021-12-01T07:44:20,2021-12-01T17:14:37,0.95,Clear,Clear conditions throughout the day.,wind,"37864099999,UBBB"
azerbaijan,2021-12-02,10.1,7,8.5,10.1,2.4,6.3,5.7,82.58,2,,4.17,,,,70.6,51.8,326.9,1016.2,81,10,,,0,,2021-12-02T07:45:20,2021-12-02T17:14:23,0.98,"Rain, Partially cloudy",Partly cloudy throughout the day with late afternoon rain.,rain,"37864099999,UBBB"
azerbaijan,2021-12-03,12,2,8.2,12,-0.2,7.5,4.2,77.42,0.2,,4.17,,,,,29.5,162.3,1024.4,14.3,10,,,0,,2021-12-03T07:46:20,2021-12-03T17:14:11,1,Rain,Clear conditions throughout the day with morning rain.,rain,"37864099999,UBBB"
azerbaijan,2021-12-04,12.1,9,10.4,12.1,6.3,10,6.8,79.05,0,,0,,,,,29.5,164,1019.9,50.8,10,,,0,,2021-12-04T07:47:18,2021-12-04T17:14:02,0,Partially cloudy,Clearing in the afternoon.,partly-cloudy-day,"37864099999,UBBB"
azerbaijan,2021-12-05,13.3,7,10.4,13.3,5.5,9.9,6.4,77.77,0,,0,,,,74.2,52.7,189.2,1012.1,33.1,10,,,0,,2021-12-05T07:48:16,2021-12-05T17:13:55,0.01,Partially cloudy,Partly cloudy throughout the day.,wind,"37864099999,UBBB"
azerbaijan,2021-12-06,12,7,9.7,12,4.8,9,7.5,86.38,0,,0,,,,,29.5,242.6,1019.4,35.5,9.9,,,0,,2021-12-06T07:49:12,2021-12-06T17:13:50,0.04,Partially cloudy,Partly cloudy throughout the day.,partly-cloudy-day,"37864099999,UBBB"
azerbaijan,2021-12-07,14,8,11,14,6.6,10.3,8.9,87.11,0,,0,,,,,36.8,160.7,1023.7,62.9,9.3,,,0,,2021-12-07T07:50:06,2021-12-07T17:13:47,0.07,Partially cloudy,Partly cloudy throughout the day.,wind,"37864099999,UBBB"
azerbaijan,2021-12-08,14.9,10,12.3,14.9,10,12.3,9.9,85.77,0,,0,,,,,33.5,161,1017.4,58,10,,,0,,2021-12-08T07:51:00,2021-12-08T17:13:47,0.12,Partially cloudy,Partly cloudy throughout the day.,wind,"37864099999,UBBB"
azerbaijan,2021-12-09,14,6,11,14,4.4,10.6,8.1,82.77,0,,0,,,,44.6,29.5,222.3,1013.2,43.7,10,,,0,,2021-12-09T07:51:52,2021-12-09T17:13:49,0.17,Partially cloudy,Partly cloudy throughout the day.,partly-cloudy-day,"37864099999,UBBB"
azerbaijan,2021-12-10,14,4,9.2,14,4,9.2,6.3,82.79,0,,0,,,,,14.8,71.8,1023.8,50.3,9.7,,,0,,2021-12-10T07:52:43,2021-12-10T17:13:53,0.22,Partially cloudy,Partly cloudy throughout the day.,partly-cloudy-day,"37864099999,UBBB"
azerbaijan,2021-12-11,14,9,11.3,14,7.9,11.3,8.3,82.5,0,,0,,,,,22.3,202,1024.9,88.1,10,,,0,,2021-12-11T07:53:32,2021-12-11T17:14:00,0.27,Partially cloudy,Partly cloudy throughout the day.,partly-cloudy-day,"37864099999,UBBB"
azerbaijan,2021-12-12,10,8.9,9.5,10,5.9,8.5,6.6,81.95,0,,0,,,,,22.3,143.9,1029.9,93.6,10,,,0,,2021-12-12T07:54:19,2021-12-12T17:14:09,0.32,Overcast,Cloudy skies throughout the day.,cloudy,"37864099999,UBBB"
azerbaijan,2021-12-13,10.1,7,9.1,10.1,5.6,8.7,5.2,76.39,0,,0,,,,,18.4,142.4,1030.8,99.5,10,,,0,,2021-12-13T07:55:05,2021-12-13T17:14:20,0.37,Overcast,Cloudy skies throughout the day.,cloudy,"37864099999,UBBB"
azerbaijan,2021-12-14,10,7,8.7,10,3.4,6.1,6.4,85.69,99.8,,8.33,,,,,37.1,124.9,1028,98.4,9.7,,,0,,2021-12-14T07:55:50,2021-12-14T17:14:33,0.41,"Rain, Overcast",Cloudy skies throughout the day with rain.,rain,"37864099999,UBBB"
azerbaijan,2021-12-15,12.6,8.9,10.6,12.6,5.3,9.9,7.5,81.25,99,,4.17,,,,55.4,37.1,159.7,1022.1,91.8,10,,,0,,2021-12-15T07:56:32,2021-12-15T17:14:49,0.44,"Rain, Overcast",Cloudy skies throughout the day with morning rain.,rain,"37864099999,UBBB"
azerbaijan,2021-12-16,12,6,9.3,12,6,8.3,5.3,76.28,0,,0,,,,,22.3,244.5,1018.8,55.6,10,,,0,,2021-12-16T07:57:13,2021-12-16T17:15:07,0.47,Partially cloudy,Partly cloudy throughout the day.,partly-cloudy-day,"37864099999,UBBB"
azerbaijan,2021-12-17,13,7,10.2,13,4.8,9.5,6.7,79.33,0,,0,,,,,37.1,186.1,1013.1,65.5,10,,,0,,2021-12-17T07:57:53,2021-12-17T17:15:27,0.49,Partially cloudy,Partly cloudy throughout the day.,wind,"37864099999,UBBB"
azerbaijan,2021-12-18,12,6,8.9,12,4.4,7.7,5.4,79.14,0,,0,,,,,22.3,307,1010.5,40.3,10,,,0,,2021-12-18T07:58:30,2021-12-18T17:15:49,0.5,Partially cloudy,Partly cloudy throughout the day.,partly-cloudy-day,"37864099999,UBBB"
azerbaijan,2021-12-19,12,6,8.4,12,4.4,6.9,5.8,83.99,0,,0,,,,,29.1,234.6,1013.2,88,9.7,,,0,,2021-12-19T07:59:06,2021-12-19T17:16:13,0.5,Partially cloudy,Partly cloudy throughout the day.,partly-cloudy-day,"37864099999,UBBB"
azerbaijan,2021-12-20,12,7,9.6,12,3.5,7.8,6.2,79.64,0,,0,,,,59.4,44.6,166,1007.7,19.3,10,,,0,,2021-12-20T07:59:39,2021-12-20T17:16:40,0.51,Clear,Clear conditions throughout the day.,wind,"37864099999,UBBB"
azerbaijan,2021-12-21,11,8,9.1,11,3.7,6.8,6.4,83.63,1,,4.17,,,,,33.5,295.3,1004.5,67.9,10,,,0,,2021-12-21T08:00:11,2021-12-21T17:17:08,0.53,"Rain, Partially cloudy",Partly cloudy throughout the day with late afternoon rain.,rain,"37864099999,UBBB"
azerbaijan,2021-12-22,10,4.9,6.8,10,-0.7,3.8,4.2,83.98,0.4,,4.17,,,,59.4,40.7,305.3,1013.7,74.9,10,,,0,,2021-12-22T08:00:41,2021-12-22T17:17:39,0.55,"Rain, Partially cloudy",Partly cloudy throughout the day with late afternoon rain.,rain,"37864099999,UBBB"
azerbaijan,2021-12-23,4,2,3,0.9,-4.2,-1.7,1.3,88.84,9,,4.17,,,,59.4,40.7,269.6,1023.5,98.9,10,,,0,,2021-12-23T08:01:09,2021-12-23T17:18:11,0.59,"Rain, Overcast",Cloudy skies throughout the day with late afternoon rain.,rain,"37864099999,UBBB"
azerbaijan,2021-12-24,4,2,3.3,3.7,-1.7,0.6,2.2,93.01,7,,4.17,,,,,22.3,279.1,1023.2,95.1,10,,,0,,2021-12-24T08:01:34,2021-12-24T17:18:46,0.63,"Rain, Overcast",Cloudy skies throughout the day with late afternoon rain.,rain,"37864099999,UBBB"
azerbaijan,2021-12-25,7,2,4.4,4.5,-0.5,1.9,0.3,76.64,0.4,,4.17,,,,,32.4,171.8,1022,41.7,10,,,0,,2021-12-25T08:01:58,2021-12-25T17:19:22,0.67,"Rain, Partially cloudy",Partly cloudy throughout the day with late afternoon rain.,rain,"37864099999,UBBB"
azerbaijan,2021-12-26,10,4,7.3,10,-0.7,3.6,-0.5,58.73,99,,4.17,,,,59.4,48.2,182.2,1020.6,2.6,10,,,0,,2021-12-26T08:02:19,2021-12-26T17:20:01,0.72,Rain,Clear conditions throughout the day with morning rain.,rain,"37864099999,UBBB"
azerbaijan,2021-12-27,12,5,8.4,12,1.8,5.6,3.5,72.76,0,,0,,,,59.4,43.2,235.7,1018.4,14.6,10,,,0,,2021-12-27T08:02:39,2021-12-27T17:20:41,0.78,Clear,Clear conditions throughout the day.,wind,"37864099999,UBBB"
azerbaijan,2021-12-28,10,2,5.5,10,-1.2,4,3.6,88.12,0,,0,,,,,14.8,256.9,1020.6,31.4,8.4,,,0,,2021-12-28T08:02:56,2021-12-28T17:21:23,0.83,Partially cloudy,Partly cloudy throughout the day.,partly-cloudy-day,"37864099999,UBBB"
azerbaijan,2021-12-29,12,1,6.3,12,-0.2,5.1,4.5,89.81,0,,0,,,,,18.4,221.3,1017.6,56.6,6.4,,,0,,2021-12-29T08:03:11,2021-12-29T17:22:07,0.88,Partially cloudy,Partly cloudy throughout the day.,partly-cloudy-day,"37864099999,UBBB"
azerbaijan,2021-12-30,11,4,7.5,11,2.1,6.5,5.9,90.27,0,,0,,,,,11.2,141,1018.4,74.5,9.3,,,0,,2021-12-30T08:03:24,2021-12-30T17:22:53,0.93,Partially cloudy,Partly cloudy throughout the day.,partly-cloudy-day,"37864099999,UBBB"
azerbaijan,2021-12-31,10,4,6.5,10,2.1,5.6,5.5,93.42,0,,0,,,,,18.4,150.3,1019.5,83.9,5.7,,,0,,2021-12-31T08:03:35,2021-12-31T17:23:40,0.97,Partially cloudy,Partly cloudy throughout the day.,partly-cloudy-day,"37864099999,UBBB"
azerbaijan,2022-01-01,11,3,5.9,11,0,4.2,2.2,79.12,0,,0,,,,,22.3,187.9,1014.6,12.7,7.8,,,0,,2022-01-01T08:03:43,2022-01-01T17:24:29,0.99,Clear,Clear conditions throughout the day.,clear-day,"37864099999,UBBB"
azerbaijan,2022-01-02,14.6,1,7.7,14.6,0,6.4,2.7,72.96,0,,0,,,,55.4,37.1,215.1,1006.5,14.2,9,,,0,,2022-01-02T08:03:50,2022-01-02T17:25:20,1,Clear,Clear conditions throughout the day.,wind,"37864099999,UBBB"
azerbaijan,2022-01-03,8,4,6,4.7,-1.2,2.2,2.5,78.12,99.4,,4.17,,,,70.6,51.8,293,1014.5,89.7,10,,,0,,2022-01-03T08:03:54,2022-01-03T17:26:12,0,"Rain, Partially cloudy",Partly cloudy throughout the day with morning rain.,rain,"37864099999,UBBB"
azerbaijan,2022-01-04,11,4.2,6.8,11,-1.5,4.6,0.7,66.94,0,,0,,,,,36,216,1008.9,15.1,10,,,0,,2022-01-04T08:03:56,2022-01-04T17:27:05,0.02,Clear,Clear conditions throughout the day.,wind,"37864099999,UBBB"
azerbaijan,2022-01-05,10,4,7.2,10,2.1,5.7,5.1,86.95,0.6,,4.17,,,,,18.4,239.5,1016.9,61.4,10,,,0,,2022-01-05T08:03:55,2022-01-05T17:28:00,0.05,"Rain, Partially cloudy",Partly cloudy throughout the day with late afternoon rain.,rain,"37864099999,UBBB"
azerbaijan,2022-01-06,12.6,5,8.9,12.6,1.8,7.2,5.4,79.96,99,,4.17,,,,,33.5,169.8,1017.9,9.3,10,,,0,,2022-01-06T08:03:53,2022-01-06T17:28:57,0.09,Rain,Clear conditions throughout the day with morning rain.,rain,"37864099999,UBBB"
azerbaijan,2022-01-07,13,7,9.8,13,4.3,8.4,7.7,87.43,0,,0,,,,40.7,33.5,186.4,1015.6,31.9,8.4,,,0,,2022-01-07T08:03:48,2022-01-07T17:29:54,0.14,Partially cloudy,Clearing in the afternoon.,wind,"37864099999,UBBB"
azerbaijan,2022-01-08,10,4.8,7.5,10,1.3,3.7,6.1,91.04,0,,0,,,,77.8,57.6,328.8,1022.1,89.6,6.4,,,0,,2022-01-08T08:03:41,2022-01-08T17:30:53,0.19,Partially cloudy,Partly cloudy throughout the day.,wind,"37864099999,UBBB"
azerbaijan,2022-01-09,9,6,7.6,7.6,3.7,5.3,4.1,78.71,99,,4.17,,,,,29.5,206.1,1023,69.1,10,,,0,,2022-01-09T08:03:31,2022-01-09T17:31:54,0.24,"Rain, Partially cloudy",Partly cloudy throughout the day with morning rain.,rain,"37864099999,UBBB"
azerbaijan,2022-01-10,11,7,9.4,11,3,7.6,5.2,75,0,0,,,0,0,63,44.6,183.4,1014,41.6,9.9,31,0.8,0,10,2022-01-10T08:03:20,2022-01-10T17:32:55,0.28,Partially cloudy,Partly cloudy throughout the day.,wind,"37864099999,UBBB"
azerbaijan,2022-01-11,11,5,8.2,11,3,6.5,5.3,82.5,0,0,,,0,0,55.8,25.9,286.4,1014.4,39.6,9.9,81.7,5.8,0,10,2022-01-11T08:03:06,2022-01-11T17:33:58,0.33,Partially cloudy,Partly cloudy throughout the day.,partly-cloudy-day,"37864099999,UBBB"
azerbaijan,2022-01-12,10.1,2,7.7,10.1,2,7,6.3,91.5,0,0,,,0,0,45.4,29.5,151.1,1016.6,77.9,8.3,102.2,7.3,0,10,2022-01-12T08:02:50,2022-01-12T17:35:01,0.38,Partially cloudy,Partly cloudy throughout the day.,partly-cloudy-day,"37864099999,UBBB"
azerbaijan,2022-01-13,12,4,8.7,12,-3.1,5.3,6.6,87.4,0.1,100,,rain,0,0,77.8,57.6,246.6,1012,84,9.4,101.6,7.4,0,10,2022-01-13T08:02:31,2022-01-13T17:36:06,0.41,"Rain, Partially cloudy",Partly cloudy throughout the day with late afternoon rain.,rain,"37864099999,UBBB"
azerbaijan,2022-01-14,4.4,1,2.8,0.9,-6.4,-2.9,-0.2,81.1,3.7,100,,"rain,snow",0.4,0.1,74.2,55.4,278.5,1014.5,74.5,9.4,77.3,5.5,0,10,2022-01-14T08:02:11,2022-01-14T17:37:11,0.45,"Snow, Rain, Partially cloudy",Partly cloudy throughout the day with rain or snow.,snow,"37864099999,UBBB"
azerbaijan,2022-01-15,9,2.2,5,5.9,-4.5,-0.5,-1,65.6,0.1,100,,rain,0,0,94.7,74.2,250.5,998.8,39,10,117.2,8.4,0,10,2022-01-15T08:01:48,2022-01-15T17:38:17,0.47,"Rain, Partially cloudy",Becoming cloudy in the afternoon with late afternoon rain.,rain,"37864099999,UBBB"
azerbaijan,2022-01-16,7,3,5.4,5.6,1.1,3.4,-1.5,61.7,0.3,100,,snow,0,0,40.7,33.5,165.8,1013.1,40.2,10,53.5,3.8,0,10,2022-01-16T08:01:23,2022-01-16T17:39:24,0.49,"Snow, Partially cloudy",Partly cloudy throughout the day with late afternoon snow.,rain,"37864099999,UBBB"
azerbaijan,2022-01-17,5.3,0.9,3.2,3,-3.1,0.5,0.2,81.4,103.2,100,,"rain,snow",0.1,0.2,43.6,37.1,231.6,1021.2,72.5,9.9,35.9,2.7,0,10,2022-01-17T08:00:57,2022-01-17T17:40:32,0.5,"Snow, Rain, Partially cloudy",Partly cloudy throughout the day with a chance of rain or snow throughout the day.,snow,"37864099999,UBBB"
azerbaijan,2022-01-18,7,-2,3.8,2.4,-6,-0.6,-3.1,63.8,99,100,,rain,0,0,74.2,51.3,188.2,1013.8,2.8,10,125.5,9,0,10,2022-01-18T08:00:27,2022-01-18T17:41:41,0.5,Rain,Clear conditions throughout the day with morning rain.,rain,"37864099999,UBBB"
azerbaijan,2022-01-19,8,1.7,5.6,5.4,-2.5,2.1,-0.9,64.4,0,0,,,0,0,51.8,43.4,279.5,1012.6,29.2,10,119.8,8.6,0,10,2022-01-19T07:59:56,2022-01-19T17:42:50,0.52,Partially cloudy,Partly cloudy throughout the day.,wind,"37864099999,UBBB"
azerbaijan,2022-01-20,6,1,3.2,1.4,-6.4,-2.7,1.3,87.6,10.4,100,,snow,0.1,0.1,68.4,50,328.9,1015.8,93.4,9.2,36.1,2.5,0,10,2022-01-20T07:59:23,2022-01-20T17:44:00,0.53,"Snow, Overcast",Cloudy skies throughout the day with snow.,snow,"37864099999,UBBB"
azerbaijan,2022-01-21,6,0.7,2.7,3.6,-6.1,-1.7,-1.2,77.2,2.2,100,,"rain,snow",0,0,59.4,40.7,253,1022.5,54,9.2,125.2,8.8,0,10,2022-01-21T07:58:48,2022-01-21T17:45:11,0.56,"Snow, Rain, Partially cloudy",Partly cloudy throughout the day with rain or snow.,rain,"37864099999,UBBB"
azerbaijan,2022-01-22,7.2,1.4,4.8,2.8,-3.4,0.5,-1.6,64.1,0,0,,,0,0,64.1,47.7,200.2,1016.3,0,10,129.6,9.3,0,10,2022-01-22T07:58:10,2022-01-22T17:46:21,0.6,Clear,Clear conditions throughout the day.,wind,"37864099999,UBBB"
azerbaijan,2022-01-23,10.3,4.7,7.8,10.3,1.5,4.7,4.6,81.1,0,0,,,0,0,54,33.5,175.1,1012.9,38.3,9.9,113.5,8.1,0,10,2022-01-23T07:57:31,2022-01-23T17:47:33,0.65,Partially cloudy,Partly cloudy throughout the day.,wind,"37864099999,UBBB"
azerbaijan,2022-01-24,12.5,3,7.4,12.5,0,5.2,2.4,73.8,0,0,,,0,0,55.4,37.1,211.3,1013.7,5.8,9.7,131.6,9.3,0,10,2022-01-24T07:56:50,2022-01-24T17:48:45,0.7,Clear,Clear conditions throughout the day.,wind,"37864099999,UBBB"
azerbaijan,2022-01-25,8.6,-1,4.4,6.8,-2.6,1.5,1.8,84.3,0.1,100,,rain,0,0,38.2,37.1,287.2,1021.4,35.9,9.2,121.8,9.1,0,10,2022-01-25T07:56:06,2022-01-25T17:49:57,0.75,"Rain, Partially cloudy",Becoming cloudy in the afternoon with late afternoon rain.,rain,"37864099999,UBBB"
azerbaijan,2022-01-26,9,-0.3,4.7,6.3,-2.4,2.8,1.5,80.7,0.2,100,,"rain,snow",0,0,33.1,25.9,202.4,1019.8,44.5,10,112.9,8.5,0,10,2022-01-26T07:55:21,2022-01-26T17:51:09,0.81,"Snow, Rain, Partially cloudy",Partly cloudy throughout the day with rain or snow in the morning and afternoon.,rain,"37864099999,UBBB"
azerbaijan,2022-01-27,6.5,4,5.5,5,-2.2,1.6,3.3,85.6,1.3,100,,rain,0,0,63,44.6,306.4,1013,100,10,36.1,2.5,0,10,2022-01-27T07:54:34,2022-01-27T17:52:22,0.86,"Rain, Overcast",Cloudy skies throughout the day with late afternoon rain.,rain,"37864099999,UBBB"
azerbaijan,2022-01-28,7,3,5.1,6,-2.5,1.4,0.6,73.2,0.2,100,,"rain,snow",0,0,61.2,42.9,259.7,1019.7,82.7,10,101.9,7.2,0,10,2022-01-28T07:53:45,2022-01-28T17:53:35,0.91,"Snow, Rain, Partially cloudy",Partly cloudy throughout the day with rain or snow clearing later.,rain,"37864099999,UBBB"
azerbaijan,2022-01-29,11,-1,4,11,-3.7,3,0.9,81.8,0.1,100,,rain,0,0,24.1,14.8,177.9,1020.3,4.2,9.8,136.4,9.7,0,10,2022-01-29T07:52:54,2022-01-29T17:54:48,0.95,Rain,Clear conditions throughout the day with early morning rain.,rain,"37864099999,UBBB"
azerbaijan,2022-01-30,11,-4,3.9,11,-4,2.5,-0.4,77.3,0,0,,,0,0,45,25.9,163.4,1016.7,18.2,7.5,101.5,7.3,0,10,2022-01-30T07:52:02,2022-01-30T17:56:02,0.98,Clear,Clear conditions throughout the day.,clear-day,"37864099999,UBBB"
azerbaijan,2022-01-31,11,-2,5.4,11,-4.9,4.2,1.4,77.8,0,0,,,0,0,51.5,25.9,197.3,1012.4,11.8,7.4,139.7,10.1,0,10,2022-01-31T07:51:07,2022-01-31T17:57:15,1,Clear,Clear conditions throughout the day.,clear-day,"37864099999,UBBB"
azerbaijan,2022-02-01,9,0,5.6,5.6,-2.6,2,2.5,81.1,0,0,,,0,0,60.8,33.5,308,1013.6,37.7,9.2,122.3,8.6,0,10,2022-02-01T07:50:11,2022-02-01T17:58:29,0,Partially cloudy,Partly cloudy throughout the day.,wind,"37864099999,UBBB"
azerbaijan,2022-02-02,10,0,5,10,-2.6,3.4,2,81.9,0,0,,,0,0,56.9,27.7,222,1018.7,18.1,9.7,142.5,10.3,0,10,2022-02-02T07:49:14,2022-02-02T17:59:42,0.01,Clear,Clear conditions throughout the day.,clear-day,"37864099999,UBBB"
azerbaijan,2022-02-03,15.1,7,10.4,15.1,2.7,9.1,3.1,62.5,0,0,,,0,0,64.1,38.2,176.9,1012.3,10,10,134.6,9.6,0,10,2022-02-03T07:48:14,2022-02-03T18:00:56,0.03,Clear,Clear conditions throughout the day.,wind,"37864099999,UBBB"
azerbaijan,2022-02-04,8,1,5.3,5.1,-2.4,2.3,3.1,86.2,0,0,,,0,0,24.8,25.9,290.3,1005.7,52.6,8.7,140.9,10.2,0,10,2022-02-04T07:47:13,2022-02-04T18:02:09,0.07,Partially cloudy,Partly cloudy throughout the day.,partly-cloudy-day,"37864099999,UBBB"
azerbaijan,2022-02-05,6,3,5,2.5,-2.6,-0.2,3,86.6,1.3,100,,"rain,snow",0,0,77.8,55.4,320.8,1009.6,97.7,10,81.1,5.9,0,10,2022-02-05T07:46:10,2022-02-05T18:03:23,0.11,"Snow, Rain, Overcast",Cloudy skies throughout the day with rain or snow.,rain,"37864099999,UBBB"
azerbaijan,2022-02-06,7.6,1,4.9,4.6,-2.4,1.4,0.6,74.5,0.2,100,,"rain,snow",0,0,45.7,29.5,238.7,1019.1,43.6,10,152.8,11,0,10,2022-02-06T07:45:06,2022-02-06T18:04:37,0.15,"Snow, Rain, Partially cloudy",Partly cloudy throughout the day with rain or snow clearing later.,rain,"37864099999,UBBB"
azerbaijan,2022-02-07,8,0,5.1,6.4,-3.6,2,-0.7,67.4,0,0,,,0,0,59.4,40.7,227.6,1019.7,14.4,10,140,10.2,0,10,2022-02-07T07:44:00,2022-02-07T18:05:50,0.2,Clear,Clear conditions throughout the day.,wind,"37864099999,UBBB"
azerbaijan,2022-02-08,10.2,1,6.7,10.2,-1.4,4,3.1,79.1,0,0,,,0,0,64.8,46.4,166.1,1017.1,30,10,156.9,11.4,0,10,2022-02-08T07:42:53,2022-02-08T18:07:03,0.25,Partially cloudy,Partly cloudy throughout the day.,wind,"37864099999,UBBB"
azerbaijan,2022-02-09,15.9,6,10.2,15.9,2.9,8.6,3.7,66.9,0,0,,,0,0,68.8,44.6,207,1009.6,20.2,10,151.2,11.1,0,10,2022-02-09T07:41:44,2022-02-09T18:08:16,0.29,Partially cloudy,Partly cloudy throughout the day.,wind,"37864099999,UBBB"
azerbaijan,2022-02-10,9,3.9,7,4.6,0.8,2.5,3.7,79.8,0.1,100,,rain,0,0,66.6,45.5,325.9,1016.6,77.2,9.8,119.8,8.6,0,10,2022-02-10T07:40:34,2022-02-10T18:09:29,0.34,"Rain, Partially cloudy",Partly cloudy throughout the day with late afternoon rain.,rain,"37864099999,UBBB"
azerbaijan,2022-02-11,11,4.9,6.6,11,0.1,4.1,2,73.4,0.1,100,,rain,0,0,54,37.1,272.1,1026,41.3,10,61.7,4.5,0,10,2022-02-11T07:39:22,2022-02-11T18:10:42,0.38,"Rain, Partially cloudy",Partly cloudy throughout the day with early morning rain.,rain,"37864099999,UBBB"
azerbaijan,2022-02-12,11,3,7.4,11,-0.7,4.7,4.1,80.9,0,0,,,0,0,50.4,34.9,184.8,1024.8,22,10,163.1,11.8,0,10,2022-02-12T07:38:09,2022-02-12T18:11:54,0.42,Partially cloudy,Clearing in the afternoon.,wind,"37864099999,UBBB"
azerbaijan,2022-02-13,10,3.5,6.9,10,-0.5,3.4,3,76.6,0,0,,,0,0,77.8,59.4,303.3,1025.9,37.7,10,164.9,11.8,0,10,2022-02-13T07:36:55,2022-02-13T18:13:07,0.45,Partially cloudy,Partly cloudy throughout the day.,wind,"37864099999,UBBB"
azerbaijan,2022-02-14,7.2,3.4,5.9,5.9,0.1,3,-0.1,65.9,0.7,100,,rain,0,0,44.6,29.5,154.6,1031.2,64.2,10,126.9,9.1,0,10,2022-02-14T07:35:40,2022-02-14T18:14:19,0.48,"Rain, Partially cloudy",Partly cloudy throughout the day with late afternoon rain.,rain,"37864099999,UBBB"
azerbaijan,2022-02-15,9,5,6.9,6.7,2.4,4.3,0.9,66,98.4,100,,rain,0,0,25.2,18.4,109.5,1027.8,41.7,10,109.3,7.8,0,10,2022-02-15T07:34:23,2022-02-15T18:15:31,0.49,"Rain, Partially cloudy",Partly cloudy throughout the day with morning rain.,rain,"37864099999,UBBB"
azerbaijan,2022-02-16,10.1,2.9,6.4,10.1,1.6,5,2.4,76.7,0,0,,,0,0,17.6,14.8,213.7,1027,23.3,10,169.3,12.1,0,10,2022-02-16T07:33:05,2022-02-16T18:16:42,0.5,Partially cloudy,Clearing in the afternoon.,partly-cloudy-day,"37864099999,UBBB"
azerbaijan,2022-02-17,10,3,6.8,10,2.4,5.3,4,82.9,0,0,,,0,0,37.4,22.3,141.9,1021.2,65.4,9.8,124.2,9.1,0,10,2022-02-17T07:31:46,2022-02-17T18:17:54,0.51,Partially cloudy,Partly cloudy throughout the day.,partly-cloudy-day,"37864099999,UBBB"
azerbaijan,2022-02-18,11,6.9,8.4,11,3.4,5.6,4.9,79.3,0.1,100,,rain,0,0,59.4,42.3,185.9,1011.7,40.8,10,159.7,11.5,0,10,2022-02-18T07:30:26,2022-02-18T18:19:05,0.52,"Rain, Partially cloudy",Clearing in the afternoon with early morning rain.,rain,"37864099999,UBBB"
azerbaijan,2022-02-19,11,2,7.4,11,0.3,5.5,4.5,83,0,0,,,0,0,43.9,25.9,289.5,1015.8,14.2,9.4,180,12.9,0,10,2022-02-19T07:29:04,2022-02-19T18:20:15,0.54,Clear,Clear conditions throughout the day.,clear-day,"37864099999,UBBB"
azerbaijan,2022-02-20,11,5,6.8,11,1.3,4.4,4.8,87.4,0,0,,,0,0,41.8,29.5,236,1020.9,74,7,179.1,12.9,0,10,2022-02-20T07:27:42,2022-02-20T18:21:26,0.58,Partially cloudy,Partly cloudy throughout the day.,partly-cloudy-day,"37864099999,UBBB"
azerbaijan,2022-02-21,11,3,6.9,11,0.9,4.8,4.9,87.9,0,0,,,0,0,63,40.7,238.7,1014.2,70.8,6.9,160.8,11.4,0,10,2022-02-21T07:26:18,2022-02-21T18:22:36,0.62,Partially cloudy,Partly cloudy throughout the day.,wind,"37864099999,UBBB"
azerbaijan,2022-02-22,12,6,8.2,12,1.7,6.1,3.9,76.2,0,0,,,0,0,53.6,25.9,265,1017.9,11.8,10,118.4,8.4,0,10,2022-02-22T07:24:54,2022-02-22T18:23:46,0.67,Clear,Clear conditions throughout the day.,clear-day,"37864099999,UBBB"
azerbaijan,2022-02-23,13,3.9,8.1,13,0.6,6.5,6.1,88.2,0,0,,,0,0,36.7,29.5,158.9,1018.7,44.1,7.6,186.8,13.5,0,10,2022-02-23T07:23:28,2022-02-23T18:24:55,0.73,Partially cloudy,Partly cloudy throughout the day.,partly-cloudy-day,"37864099999,UBBB"
azerbaijan,2022-02-24,12,8.9,9.9,12,6.3,8.7,8.3,90.3,0,0,,,0,0,31.3,29.5,160.6,1020.9,90,6.3,185.4,13.5,0,10,2022-02-24T07:22:02,2022-02-24T18:26:05,0.79,Partially cloudy,Partly cloudy throughout the day.,partly-cloudy-day,"37864099999,UBBB"
azerbaijan,2022-02-25,13,7.7,10.1,13,5.2,9.2,7.7,85.4,0,0,,,0,0,34.9,29.5,173.5,1016.9,72,8.5,151.8,10.8,0,10,2022-02-25T07:20:35,2022-02-25T18:27:13,0.84,Partially cloudy,Partly cloudy throughout the day.,partly-cloudy-day,"37864099999,UBBB"
azerbaijan,2022-02-26,12,6,9,12,3.6,7.6,7.1,88.2,99.4,100,,rain,0,0,39.6,22.3,242.3,1010.2,54.7,6.5,143.9,10.3,0,10,2022-02-26T07:19:07,2022-02-26T18:28:22,0.89,"Rain, Partially cloudy",Partly cloudy throughout the day with morning rain.,rain,"37864099999,UBBB"
azerbaijan,2022-02-27,14.1,6.7,10.6,14.1,4.3,10.1,5.5,71.9,0.2,100,,rain,0,0,51.1,33.5,276.3,1019.5,25.2,10,128.6,9,0,10,2022-02-27T07:17:38,2022-02-27T18:29:30,0.94,"Rain, Partially cloudy",Partly cloudy throughout the day with early morning rain.,rain,"37864099999,UBBB"
azerbaijan,2022-02-28,13,5,9.9,13,5,9.5,6.1,78.1,0,0,,,0,0,29.5,25.9,87.1,1023.8,42.5,10,153.4,11.1,0,10,2022-02-28T07:16:08,2022-02-28T18:30:38,0.97,Partially cloudy,Partly cloudy throughout the day.,partly-cloudy-day,"37864099999,UBBB"
azerbaijan,2022-03-01,14,7,10.5,14,5.9,10.1,8,85,0.4,100,,rain,0,0,33.1,22.3,183.9,1020.5,70.6,9.6,98.2,7.1,0,10,2022-03-01T07:14:38,2022-03-01T18:31:46,1,"Rain, Partially cloudy",Partly cloudy throughout the day with rain clearing later.,rain,"37864099999,UBBB"
azerbaijan,2022-03-02,12,6,8.4,12,4.2,6.9,6.8,90.4,0,0,,,0,0,26.6,22.3,274.6,1018.4,75.6,6.6,173.2,12.3,0,10,2022-03-02T07:13:06,2022-03-02T18:32:53,1,Partially cloudy,Partly cloudy throughout the day.,partly-cloudy-day,"37864099999,UBBB"
azerbaijan,2022-03-03,12,6,9.1,12,2.5,7.1,8,93,0,0,,,0,0,60.8,40.3,167.7,1006.4,84.6,6.5,161.3,11.6,0,10,2022-03-03T07:11:35,2022-03-03T18:34:00,0,Partially cloudy,Partly cloudy throughout the day.,wind,UBBB
azerbaijan,2022-03-04,11,6,8.4,11,2.2,5.5,6.2,86.3,1.7,100,,rain,0,0,56.9,37.1,197.3,1000.3,66.1,8.1,140.9,10.1,0,10,2022-03-04T07:10:02,2022-03-04T18:35:07,0.02,"Rain, Partially cloudy",Partly cloudy throughout the day with rain in the morning and afternoon.,rain,UBBB
azerbaijan,2022-03-05,15.7,6,10.2,15.7,2.5,8.3,-1.9,49.5,0,14.3,,,0,0,75.2,54.4,238.6,1008.4,29.8,17.6,213.9,17.6,7,10,2022-03-05T07:08:29,2022-03-05T18:36:14,0.04,Partially cloudy,Partly cloudy throughout the day.,wind,UBBB
azerbaijan,2022-03-06,9.8,4.2,6.9,7.2,-1.1,4.3,1.7,71,2.3,28.6,,rain,0,0,37.4,31,117.6,1015.4,65.5,18.3,181.6,15.7,6,10,2022-03-06T07:06:55,2022-03-06T18:37:20,0.08,Partially cloudy,Partly cloudy throughout the day.,wind,
azerbaijan,2022-03-07,8,4.6,6.1,5.4,-0.5,2.3,-1.4,58.9,0.1,38.1,,rain,0,0,37.4,31.3,89.9,1019.1,71.8,24,201.5,17.4,7,10,2022-03-07T07:05:21,2022-03-07T18:38:26,0.12,Partially cloudy,Partly cloudy throughout the day.,wind,
azerbaijan,2022-03-08,12.8,6.5,8.9,12.8,2.2,6.2,2,64,0.2,19,,rain,0,0,40.7,30.6,203,1009.9,52.1,24.1,220,19,7,10,2022-03-08T07:03:47,2022-03-08T18:39:32,0.16,Partially cloudy,Partly cloudy throughout the day.,wind,
azerbaijan,2022-03-09,8.8,6.2,7.4,6.8,1.5,3.9,2.9,73.1,0.4,23.8,,rain,0,0,40.3,36.4,164.3,1011.4,89.9,24,174.2,15,6,10,2022-03-09T07:02:11,2022-03-09T18:40:37,0.21,Partially cloudy,Partly cloudy throughout the day.,wind,
azerbaijan,2022-03-10,6.3,5,5.6,0.7,-1.2,-0.1,1.8,76.4,1.1,28.6,,rain,0,0,57.6,49.7,320.8,1011.1,78.7,24,118,10.1,4,10,2022-03-10T07:00:36,2022-03-10T18:41:42,0.25,Partially cloudy,Partly cloudy throughout the day.,wind,
azerbaijan,2022-03-11,7.5,4.6,6,5.2,0,2.8,0.6,68.4,0,33.3,,,0,0,37.8,32.6,99.6,1013.3,98.4,24.1,74.5,6.4,2,10,2022-03-11T06:59:00,2022-03-11T18:42:47,0.3,Overcast,Cloudy skies throughout the day.,wind,
azerbaijan,2022-03-12,7,4.2,5.7,5,-2.3,1.3,2.1,77.5,0.3,19,,rain,0,0,66.6,53.3,234.9,1007.8,71.6,24.1,73.1,6.2,2,10,2022-03-12T06:57:23,2022-03-12T18:43:52,0.35,Partially cloudy,Partly cloudy throughout the day.,wind,
